measuredAt,value
2025-06-27T09:15:36.824016+00:00,0.0
2025-06-27T09:17:24.241412+00:00,0.0
2025-06-27T09:18:24.252713+00:00,0.0
2025-06-27T09:19:24.252225+00:00,0.0
2025-06-27T09:20:24.263445+00:00,0.0
2025-06-27T09:21:23.329621+00:00,36.27
2025-06-27T09:22:23.314494+00:00,54.99
2025-06-27T09:23:23.296012+00:00,55.28
2025-06-27T09:24:23.298376+00:00,55.28
2025-06-27T09:25:23.291834+00:00,55.28
2025-06-27T09:26:23.289055+00:00,55.28
2025-06-27T09:27:23.290653+00:00,53.82
2025-06-27T09:28:23.284904+00:00,54.11
2025-06-27T09:29:23.375696+00:00,54.11
2025-06-27T09:29:45.557567+00:00,54.11
2025-06-27T10:29:45.545912+00:00,54.11
2025-06-27T12:29:45.555878+00:00,54.11
2025-06-27T13:29:45.576453+00:00,54.11
2025-06-27T14:29:45.449360+00:00,54.11
2025-06-27T15:29:45.522886+00:00,54.4
2025-06-27T16:29:45.519453+00:00,54.11
2025-06-27T17:29:45.587800+00:00,54.11
2025-06-27T18:29:45.657036+00:00,54.11
2025-06-27T19:29:45.595450+00:00,54.4
2025-06-27T20:29:45.524368+00:00,54.4
2025-06-27T21:29:45.494701+00:00,54.4
2025-06-27T22:29:45.522867+00:00,54.4
2025-06-27T23:29:45.530039+00:00,54.4
2025-06-28T00:29:45.603391+00:00,54.4
2025-06-28T01:29:45.501517+00:00,54.4
2025-06-28T02:29:45.470533+00:00,54.4
2025-06-28T03:29:45.517637+00:00,54.4
2025-06-28T04:29:45.641531+00:00,54.4
2025-06-28T05:29:45.521512+00:00,54.11
2025-06-28T06:29:45.596193+00:00,54.11
2025-06-28T07:29:45.440439+00:00,52.65
2025-06-28T08:29:45.547331+00:00,45.92
2025-06-28T09:29:45.497434+00:00,47.97
2025-06-28T10:29:45.577389+00:00,45.05
2025-06-28T11:29:45.523948+00:00,48.26
2025-06-28T12:29:45.591034+00:00,47.39
2025-06-28T13:29:45.524059+00:00,48.26
2025-06-28T14:29:45.477307+00:00,48.55
2025-06-28T15:29:45.588224+00:00,48.55
2025-06-28T16:29:45.513494+00:00,47.39
2025-06-28T17:29:45.555619+00:00,48.55
2025-06-28T18:30:00.549589+00:00,48.85
2025-06-28T19:29:45.521059+00:00,48.85
2025-06-28T20:29:45.508863+00:00,49.14
2025-06-28T21:29:45.587192+00:00,49.14
2025-06-28T22:29:45.520608+00:00,49.14
2025-06-28T23:29:45.594386+00:00,49.14
2025-06-29T00:29:45.450858+00:00,54.11
2025-06-29T01:29:45.524520+00:00,54.11
2025-06-29T02:29:45.521976+00:00,54.11
2025-06-29T03:29:45.590790+00:00,54.11
2025-06-29T04:29:45.647309+00:00,54.11
2025-06-29T05:29:45.571903+00:00,54.11
2025-06-29T06:29:45.472123+00:00,53.82
2025-06-29T07:29:45.531539+00:00,48.85
2025-06-29T08:29:45.545909+00:00,49.43
2025-06-29T09:29:45.588875+00:00,49.72
2025-06-29T10:29:45.617399+00:00,46.51
2025-06-29T11:29:45.524245+00:00,48.26
2025-06-29T12:29:45.494132+00:00,48.55
2025-06-29T13:29:45.580097+00:00,48.26
2025-06-29T14:29:45.505807+00:00,48.26
2025-06-29T15:29:45.563814+00:00,48.55
2025-06-29T16:29:45.476524+00:00,48.55
2025-06-29T17:29:45.537871+00:00,48.55
2025-06-29T18:29:45.522911+00:00,48.85
2025-06-29T19:29:45.534760+00:00,49.14
2025-06-29T20:29:45.519252+00:00,49.14
2025-06-29T21:29:45.621776+00:00,54.11
2025-06-29T22:29:45.537075+00:00,54.11
2025-06-29T23:29:45.488544+00:00,54.11
2025-06-30T00:29:45.521344+00:00,54.11
2025-06-30T01:29:45.597212+00:00,49.43
2025-06-30T02:29:45.546844+00:00,54.4
2025-06-30T03:29:45.500932+00:00,54.4
2025-06-30T04:29:45.490737+00:00,54.4
2025-06-30T05:29:45.565334+00:00,54.11
2025-06-30T06:29:45.566067+00:00,54.11
2025-06-30T07:29:45.524758+00:00,54.11
2025-06-30T08:29:45.564006+00:00,49.72
2025-06-30T09:29:45.495530+00:00,47.39
2025-06-30T10:29:45.491806+00:00,50.9
2025-06-30T11:29:45.505657+00:00,48.26
2025-06-30T12:29:45.586093+00:00,16.96
2025-06-30T13:29:45.594313+00:00,21.35
2025-06-30T14:29:46.185360+00:00,19.89
2025-06-30T15:29:45.526846+00:00,22.52
2025-06-30T16:29:45.557357+00:00,22.52
2025-06-30T17:29:45.554136+00:00,22.81
2025-06-30T18:29:45.579939+00:00,27.5
2025-06-30T19:29:45.577472+00:00,23.11
2025-06-30T20:29:45.545399+00:00,23.4
2025-06-30T21:29:45.484346+00:00,23.4
2025-06-30T22:29:45.510524+00:00,23.4
2025-06-30T23:29:45.599295+00:00,23.4
2025-07-01T00:29:45.569135+00:00,23.4
2025-07-01T01:29:45.506958+00:00,23.4
2025-07-01T02:29:45.558111+00:00,23.69
2025-07-01T03:29:45.495571+00:00,23.69
2025-07-01T04:29:45.563223+00:00,23.4
2025-07-01T05:29:45.608259+00:00,23.11
2025-07-01T06:29:45.551986+00:00,23.11
2025-07-01T07:29:45.531172+00:00,22.81
2025-07-01T08:29:45.516095+00:00,26.33
2025-07-01T09:29:45.522314+00:00,21.94
2025-07-01T10:29:45.516719+00:00,23.11
2025-07-01T11:29:45.459456+00:00,27.2
2025-07-01T12:29:45.471786+00:00,22.52
2025-07-01T13:29:45.508856+00:00,22.52
2025-07-01T14:29:45.516204+00:00,22.23
2025-07-01T15:29:45.587359+00:00,22.52
2025-07-01T16:29:45.548829+00:00,27.5
2025-07-01T17:29:45.454805+00:00,27.79
2025-07-01T18:29:45.528476+00:00,27.5
2025-07-01T19:29:45.482298+00:00,27.79
2025-07-01T20:29:45.499972+00:00,28.08
2025-07-01T21:29:45.530255+00:00,28.37
2025-07-01T22:29:45.535148+00:00,28.37
2025-07-01T23:29:45.518221+00:00,28.37
2025-07-02T00:29:45.546393+00:00,28.37
2025-07-02T01:29:45.582419+00:00,28.08
2025-07-02T02:29:45.561278+00:00,27.79
2025-07-02T03:29:45.601817+00:00,27.79
2025-07-02T04:29:45.474475+00:00,27.79
2025-07-02T05:29:45.520326+00:00,26.33
2025-07-02T06:29:45.565301+00:00,26.03
2025-07-02T07:29:45.568848+00:00,26.03
2025-07-02T08:29:45.594914+00:00,23.69
2025-07-02T09:29:45.530619+00:00,22.52
2025-07-02T10:29:45.505317+00:00,46.21
2025-07-02T11:29:45.500723+00:00,25.74
2025-07-02T12:29:45.564317+00:00,25.74
2025-07-02T13:29:45.591658+00:00,26.03
2025-07-02T14:29:45.576675+00:00,25.74
2025-07-02T15:29:45.537924+00:00,26.03
2025-07-02T16:29:45.513039+00:00,26.03
2025-07-02T17:29:45.523709+00:00,26.03
2025-07-02T18:29:45.590421+00:00,26.33
2025-07-02T19:29:45.599193+00:00,26.33
2025-07-02T20:29:45.513781+00:00,26.91
2025-07-02T21:29:45.522260+00:00,28.08
2025-07-02T22:29:45.527588+00:00,28.08
2025-07-02T23:29:45.591198+00:00,26.91
2025-07-03T00:29:45.539705+00:00,26.91
2025-07-03T01:29:45.462440+00:00,26.91
2025-07-03T02:29:45.524564+00:00,26.91
2025-07-03T03:29:45.524561+00:00,26.62
2025-07-03T04:29:45.577125+00:00,26.91
2025-07-03T05:29:45.594320+00:00,26.91
2025-07-03T06:29:45.493394+00:00,30.71
2025-07-03T07:29:45.498191+00:00,32.17
2025-07-03T08:29:45.513707+00:00,28.08
2025-07-03T09:29:45.554093+00:00,28.08
2025-07-03T10:29:45.526990+00:00,55.87
2025-07-03T11:29:45.586041+00:00,0.0
2025-07-03T12:29:45.531608+00:00,0.0
2025-07-03T13:29:45.548060+00:00,0.0
2025-07-03T14:29:45.488658+00:00,0.0
2025-07-03T15:29:45.561424+00:00,0.0
2025-07-03T16:29:45.581683+00:00,0.0
2025-07-03T17:29:45.454376+00:00,0.0
2025-07-03T18:29:45.469627+00:00,0.0
2025-07-03T19:29:45.485168+00:00,0.0
2025-07-03T20:29:45.515559+00:00,0.0
2025-07-03T21:29:45.574552+00:00,0.0
2025-07-03T22:29:45.504971+00:00,0.0
2025-07-03T23:29:45.652299+00:00,0.0
2025-07-04T00:29:45.535550+00:00,0.0
2025-07-04T01:29:45.535806+00:00,0.0
2025-07-04T02:29:45.580098+00:00,0.0
2025-07-04T03:29:45.606708+00:00,0.0
2025-07-04T04:29:45.475907+00:00,0.0
2025-07-04T05:29:45.495502+00:00,0.0
2025-07-04T06:29:45.513287+00:00,0.0
2025-07-04T07:29:45.528023+00:00,0.0
2025-07-04T08:29:45.531856+00:00,0.0
2025-07-04T09:29:45.535872+00:00,0.0
2025-07-04T10:29:45.520886+00:00,1.17
2025-07-04T11:29:45.498941+00:00,0.0
2025-07-04T12:29:45.552208+00:00,0.0
2025-07-04T13:29:45.542536+00:00,12.58
2025-07-16T13:23:37.222716+00:00,0.0
2025-07-16T14:23:37.270043+00:00,0.0
2025-07-16T15:23:37.292216+00:00,0.0
2025-07-16T16:23:37.249171+00:00,0.0
2025-07-16T17:23:37.160945+00:00,0.0
2025-07-16T18:23:37.225086+00:00,0.0
2025-07-16T19:23:37.221010+00:00,0.0
2025-07-16T20:23:37.206752+00:00,0.0
2025-07-16T21:23:37.211188+00:00,0.0
2025-07-16T22:23:37.231951+00:00,0.0
2025-07-16T23:23:37.162042+00:00,0.0
2025-07-17T00:23:37.209402+00:00,0.0
2025-07-17T01:23:44.348931+00:00,87.17
2025-07-17T02:23:37.205918+00:00,86.0
2025-07-17T03:23:37.231448+00:00,86.0
2025-07-17T04:23:37.279240+00:00,86.0
2025-07-17T05:23:37.245882+00:00,84.53
2025-07-17T06:23:37.214404+00:00,81.9
2025-07-17T07:23:37.261088+00:00,83.95
2025-07-17T08:23:37.216511+00:00,79.56
2025-07-17T09:23:37.267182+00:00,79.56
2025-07-17T10:23:37.247647+00:00,78.39
2025-07-17T11:23:37.163779+00:00,75.46
2025-07-17T12:23:37.185200+00:00,76.34
2025-07-17T13:23:37.242542+00:00,76.34
2025-07-17T14:23:37.239104+00:00,74.88
2025-07-17T15:23:37.237523+00:00,75.17
2025-07-17T16:23:37.251753+00:00,83.95
2025-07-17T17:23:37.164300+00:00,83.95
2025-07-17T18:23:37.176860+00:00,84.24
2025-07-17T19:23:37.167867+00:00,81.9
2025-07-17T20:23:37.277212+00:00,78.1
2025-07-17T21:23:37.205443+00:00,79.56
2025-07-17T22:23:37.283766+00:00,86.29
2025-07-17T23:23:37.188933+00:00,0.0
2025-07-18T00:23:37.243660+00:00,0.0
2025-07-18T01:23:37.229075+00:00,0.0
2025-07-18T02:23:37.268573+00:00,0.0
2025-07-18T03:23:37.288681+00:00,86.0
2025-07-18T04:23:37.243253+00:00,86.87
2025-07-18T05:23:37.203151+00:00,85.7
2025-07-18T06:23:37.237713+00:00,84.53
2025-07-18T07:23:37.221012+00:00,84.53
2025-07-18T08:23:37.237664+00:00,84.53
2025-07-18T09:23:37.266814+00:00,80.44
2025-07-18T10:23:37.236370+00:00,79.56
2025-07-18T11:23:37.164954+00:00,78.68
2025-07-18T12:23:37.179553+00:00,78.97
2025-07-18T13:23:37.225687+00:00,77.8
2025-07-18T14:23:37.189210+00:00,76.05
2025-07-18T15:23:37.214641+00:00,73.71
2025-07-18T16:23:37.221750+00:00,72.54
2025-07-18T17:23:37.261097+00:00,71.66
2025-07-18T18:23:37.212653+00:00,70.49
2025-07-18T19:23:37.171802+00:00,69.61
2025-07-18T20:23:37.267229+00:00,68.45
2025-07-18T21:23:37.235226+00:00,67.28
2025-07-18T22:23:37.255206+00:00,66.98
2025-07-18T23:23:37.319276+00:00,65.81
2025-07-19T00:23:37.194441+00:00,64.64
2025-07-19T01:23:37.189367+00:00,63.47
2025-07-19T02:23:37.261117+00:00,62.3
2025-07-19T03:23:37.216417+00:00,60.84
2025-07-19T04:23:37.226016+00:00,59.96
2025-07-19T05:23:37.256699+00:00,58.5
2025-07-19T06:23:37.143625+00:00,57.04
2025-07-19T07:23:37.221294+00:00,55.87
2025-07-19T08:23:37.228671+00:00,52.06
2025-07-19T09:23:37.242766+00:00,51.19
2025-07-19T10:23:37.268930+00:00,50.31
2025-07-19T11:23:37.274709+00:00,50.02
2025-07-19T12:23:37.176456+00:00,48.85
2025-07-19T13:23:37.198368+00:00,47.97
2025-07-19T14:23:37.217293+00:00,47.09
2025-07-19T15:23:37.192117+00:00,47.39
2025-07-19T16:23:37.283989+00:00,47.68
2025-07-19T17:23:37.267936+00:00,46.8
2025-07-19T18:23:37.217965+00:00,39.49
2025-07-19T19:23:37.168592+00:00,37.44
2025-07-19T20:23:37.220174+00:00,36.56
2025-07-19T21:23:37.247850+00:00,35.69
2025-07-19T22:23:59.348082+00:00,34.51
2025-07-19T23:23:37.301582+00:00,34.81
2025-07-20T00:23:37.170082+00:00,33.64
2025-07-20T01:23:37.198013+00:00,31.59
2025-07-20T02:23:37.178524+00:00,31.88
2025-07-20T03:23:37.213960+00:00,25.15
2025-07-20T04:23:37.290972+00:00,24.28
2025-07-20T05:23:37.175778+00:00,24.57
2025-07-20T06:23:37.171235+00:00,23.69
2025-07-20T07:23:37.205136+00:00,21.35
2025-07-20T08:23:37.212518+00:00,22.52
2025-07-20T09:23:37.291006+00:00,21.35
2025-07-20T10:23:37.272754+00:00,14.92
2025-07-20T11:23:37.147382+00:00,23.69
2025-07-20T12:23:37.217672+00:00,23.11
2025-07-20T13:23:37.173684+00:00,22.81
2025-07-20T14:23:37.220575+00:00,22.23
2025-07-20T15:23:37.219026+00:00,21.65
2025-07-20T16:23:37.268654+00:00,21.06
2025-07-20T17:23:37.223919+00:00,19.6
2025-07-20T18:23:37.233281+00:00,14.33
2025-07-20T19:23:37.232223+00:00,16.09
2025-07-20T20:23:37.281281+00:00,22.23
2025-07-20T21:23:37.226901+00:00,21.65
2025-07-20T22:23:37.298569+00:00,19.89
2025-07-20T23:23:37.169848+00:00,20.77
2025-07-21T00:23:37.231993+00:00,18.72
2025-07-21T01:23:37.239293+00:00,19.6
2025-07-21T02:23:37.276920+00:00,16.38
2025-07-21T03:23:37.273236+00:00,16.67
2025-07-21T04:23:37.180864+00:00,16.09
2025-07-21T05:23:37.215662+00:00,13.75
2025-07-21T06:23:37.256638+00:00,14.04
2025-07-21T07:23:37.261729+00:00,13.45
2025-07-21T08:23:37.208256+00:00,16.38
2025-07-21T09:23:37.269633+00:00,27.5
2025-07-21T10:23:37.221516+00:00,33.64
2025-07-21T11:23:37.154290+00:00,35.1
2025-07-21T12:23:37.245471+00:00,35.39
2025-07-21T13:23:37.280680+00:00,36.85
2025-07-21T14:23:37.260325+00:00,34.22
2025-07-21T15:23:37.269700+00:00,37.15
2025-07-21T16:23:37.225667+00:00,34.51
2025-07-21T17:23:37.195971+00:00,32.76
2025-07-21T18:23:37.189008+00:00,33.35
2025-07-21T19:23:37.245378+00:00,32.47
2025-07-21T20:23:37.267975+00:00,32.17
2025-07-21T21:23:37.290436+00:00,31.3
2025-07-21T22:23:37.220890+00:00,29.54
2025-07-21T23:23:37.253133+00:00,30.13
2025-07-22T00:23:37.266985+00:00,28.08
2025-07-22T01:23:37.194265+00:00,28.66
2025-07-22T02:23:37.271033+00:00,28.08
2025-07-22T03:23:37.176185+00:00,22.52
2025-07-22T04:23:37.189767+00:00,21.94
2025-07-22T05:23:37.198912+00:00,21.06
2025-07-22T06:23:37.255079+00:00,21.65
2025-07-22T07:23:37.235798+00:00,19.6
2025-07-22T08:23:37.288600+00:00,20.18
2025-07-22T09:23:37.220161+00:00,11.99
2025-07-22T10:23:37.178563+00:00,9.95
2025-07-22T11:23:37.259565+00:00,20.18
2025-07-22T12:23:37.196843+00:00,16.96
2025-07-22T13:23:37.248627+00:00,22.52
2025-07-22T14:23:37.293003+00:00,21.94
2025-07-22T15:23:37.143012+00:00,28.96
2025-07-22T16:23:37.232140+00:00,28.66
2025-07-22T17:23:37.250564+00:00,37.44
2025-07-22T18:23:37.236170+00:00,37.15
2025-07-22T19:23:37.269009+00:00,37.15
2025-07-22T20:23:37.233900+00:00,37.15
2025-07-22T21:23:37.215270+00:00,38.03
2025-07-22T22:23:37.213002+00:00,38.9
2025-07-22T23:23:37.195642+00:00,37.44
2025-07-23T00:23:37.221835+00:00,35.69
2025-07-23T01:23:37.211041+00:00,36.56
2025-07-23T02:23:37.284957+00:00,37.44
2025-07-23T03:23:37.216133+00:00,34.81
2025-07-23T04:23:37.197221+00:00,34.51
2025-07-23T05:23:37.263662+00:00,36.56
2025-07-23T06:23:37.218595+00:00,35.98
2025-07-23T07:23:37.261455+00:00,34.22
2025-07-23T08:23:37.325783+00:00,26.91
2025-07-23T09:23:37.199572+00:00,21.35
2025-07-23T10:23:37.215661+00:00,23.99
2025-07-23T11:23:37.265974+00:00,23.4
2025-07-23T12:23:37.256276+00:00,21.65
2025-07-23T13:23:37.304864+00:00,21.35
2025-07-23T14:23:37.310279+00:00,21.65
2025-07-23T15:23:37.190434+00:00,22.81
2025-07-23T16:23:37.196779+00:00,23.11
2025-07-23T17:23:37.242539+00:00,23.11
2025-07-23T18:23:37.200916+00:00,22.81
2025-07-23T19:23:37.283724+00:00,21.65
2025-07-23T20:23:37.182904+00:00,21.65
2025-07-23T21:23:37.184579+00:00,21.65
2025-07-23T22:23:37.198584+00:00,22.52
2025-07-23T23:23:37.242144+00:00,22.23
2025-07-24T00:23:37.276966+00:00,22.23
2025-07-24T01:23:37.300835+00:00,21.06
2025-07-24T02:23:37.214051+00:00,21.94
2025-07-24T03:23:37.227020+00:00,14.62
2025-07-24T04:23:37.228026+00:00,15.5
2025-07-24T05:23:37.195596+00:00,15.21
2025-07-24T06:23:37.220049+00:00,14.92
2025-07-24T07:23:37.305444+00:00,14.33
2025-07-24T08:23:37.292058+00:00,13.45
2025-07-24T09:23:37.186044+00:00,11.11
2025-07-24T10:23:37.343942+00:00,11.11
2025-07-24T11:23:37.244394+00:00,12.29
2025-07-24T12:23:37.215783+00:00,11.99
2025-07-24T13:23:37.233984+00:00,13.16
2025-07-24T14:23:37.214879+00:00,13.16
2025-07-24T15:23:37.232978+00:00,13.16
2025-07-24T16:23:37.224303+00:00,13.45
2025-07-24T17:23:37.231522+00:00,13.45
2025-07-24T18:23:37.265358+00:00,13.45
2025-07-24T19:23:37.274030+00:00,13.45
2025-07-24T20:23:37.161766+00:00,13.45
2025-07-24T21:23:37.210995+00:00,13.45
2025-07-24T22:23:37.204326+00:00,19.3
2025-07-24T23:23:37.216843+00:00,11.99
2025-07-25T00:23:37.268972+00:00,13.16
2025-07-25T01:23:37.285745+00:00,19.3
2025-07-25T02:23:37.162910+00:00,11.99
2025-07-25T03:23:37.199442+00:00,12.87
2025-07-25T04:23:37.227201+00:00,12.87
2025-07-25T05:23:37.254337+00:00,12.58
2025-07-25T06:23:37.234745+00:00,12.29
2025-07-25T07:23:37.207034+00:00,10.82
2025-07-25T08:23:37.231875+00:00,14.92
2025-07-25T09:23:37.189159+00:00,14.92
2025-07-25T10:23:37.260936+00:00,15.21
2025-07-25T11:23:37.221916+00:00,14.92
2025-07-25T12:23:37.285979+00:00,17.26
2025-07-25T13:23:37.174712+00:00,12.29
2025-07-25T14:23:37.223681+00:00,11.11
2025-07-25T15:23:37.199384+00:00,19.89
2025-07-25T16:23:37.247053+00:00,20.18
2025-07-25T17:23:52.155421+00:00,23.69
2025-07-25T18:23:37.310256+00:00,23.69
2025-07-25T19:23:37.178556+00:00,23.69
2025-07-25T20:23:37.258344+00:00,23.69
2025-07-25T21:23:37.220601+00:00,23.69
2025-07-25T22:23:37.208906+00:00,22.52
2025-07-25T23:23:37.258671+00:00,22.23
2025-07-26T00:23:37.260142+00:00,22.23
2025-07-26T01:23:37.224074+00:00,22.23
2025-07-26T02:23:37.229344+00:00,21.94
2025-07-26T03:23:37.257081+00:00,17.26
2025-07-26T04:23:37.249305+00:00,17.26
2025-07-26T05:23:37.266316+00:00,17.26
2025-07-26T06:23:37.242257+00:00,16.96
2025-07-26T07:23:37.195061+00:00,16.67
2025-07-26T08:23:37.171892+00:00,20.18
2025-07-26T09:23:37.261365+00:00,21.94
2025-07-26T10:23:37.221736+00:00,21.94
2025-07-26T11:23:37.223825+00:00,15.8
2025-07-26T12:23:37.197118+00:00,15.8
2025-07-26T13:23:37.184325+00:00,15.8
2025-07-26T14:23:37.250678+00:00,15.8
2025-07-26T15:23:37.193918+00:00,15.8
2025-07-26T16:23:37.284766+00:00,16.09
2025-07-26T17:23:37.256031+00:00,16.09
2025-07-26T18:23:37.175232+00:00,16.09
2025-07-26T19:23:37.181711+00:00,16.38
2025-07-26T20:23:37.247787+00:00,14.92
2025-07-26T21:23:37.244217+00:00,15.21
2025-07-26T22:23:37.204438+00:00,16.38
2025-07-26T23:23:37.279414+00:00,16.09
2025-07-27T00:23:37.134622+00:00,16.09
2025-07-27T01:23:37.245864+00:00,16.09
2025-07-27T02:23:37.235037+00:00,16.09
2025-07-27T03:23:37.241600+00:00,16.09
2025-07-27T04:23:37.278065+00:00,15.8
2025-07-27T05:23:37.242778+00:00,15.8
2025-07-27T06:23:37.193352+00:00,15.5
2025-07-27T07:23:37.227484+00:00,16.38
2025-07-27T08:23:37.188005+00:00,16.67
2025-07-27T09:23:37.249984+00:00,23.69
2025-07-27T10:23:37.232522+00:00,21.94
2025-07-27T11:23:37.300264+00:00,21.65
2025-07-27T12:23:37.234163+00:00,21.94
2025-07-27T13:23:37.174323+00:00,16.38
2025-07-27T14:23:37.242290+00:00,25.15
2025-07-27T15:23:37.204873+00:00,26.91
2025-07-27T16:23:37.244798+00:00,31.0
2025-07-27T17:23:37.125452+00:00,44.46
2025-07-27T18:23:37.171137+00:00,47.68
2025-07-27T19:23:37.229782+00:00,47.09
2025-07-27T20:23:37.197879+00:00,48.26
2025-07-27T21:23:37.248603+00:00,48.55
2025-07-27T22:23:37.303570+00:00,48.55
2025-07-27T23:23:37.137242+00:00,48.55
2025-07-28T00:23:37.151667+00:00,48.55
2025-07-28T01:23:37.234066+00:00,48.55
2025-07-28T02:23:37.251797+00:00,49.72
2025-07-28T03:23:37.223641+00:00,48.85
2025-07-28T04:23:37.273282+00:00,48.85
2025-07-28T05:23:37.222689+00:00,48.85
2025-07-28T06:23:37.222410+00:00,48.85
2025-07-28T07:23:37.212950+00:00,48.55
2025-07-28T08:23:37.201931+00:00,48.26
2025-07-28T09:23:37.349741+00:00,43.29
2025-07-28T10:23:37.273365+00:00,42.7
2025-07-28T11:23:37.220923+00:00,43.0
2025-07-28T12:23:37.227770+00:00,43.0
2025-07-28T13:23:37.245192+00:00,42.7
2025-07-28T14:23:37.269322+00:00,43.0
2025-07-28T15:23:37.285779+00:00,43.0
2025-07-28T16:23:37.284179+00:00,50.31
2025-07-28T17:23:37.160838+00:00,49.72
2025-07-28T18:23:37.167198+00:00,50.02
2025-07-28T19:23:37.225895+00:00,50.02
2025-07-28T20:23:37.197038+00:00,50.02
2025-07-28T21:23:37.257873+00:00,50.02
2025-07-28T22:23:37.227473+00:00,64.06
2025-07-28T23:23:37.203389+00:00,65.23
2025-07-29T00:23:37.218990+00:00,65.52
2025-07-29T01:23:37.254623+00:00,68.15
2025-07-29T02:23:37.220799+00:00,68.15
2025-07-29T03:23:37.241399+00:00,68.15
2025-07-29T04:23:37.312710+00:00,68.15
2025-07-29T05:23:37.202098+00:00,67.86
2025-07-29T06:23:37.251075+00:00,67.86
2025-07-29T07:23:37.250468+00:00,67.57
2025-07-29T08:23:37.203840+00:00,67.86
2025-07-29T09:23:37.282715+00:00,62.01
2025-07-29T10:23:37.252664+00:00,62.89
2025-07-29T11:23:37.149989+00:00,64.06
2025-07-29T12:23:37.233873+00:00,64.64
2025-07-29T13:23:37.251665+00:00,64.35
2025-07-29T14:23:37.243169+00:00,64.64
2025-07-29T15:23:37.275393+00:00,59.96
2025-07-29T16:23:37.287240+00:00,61.42
2025-07-29T17:23:37.156076+00:00,61.72
2025-07-29T18:23:37.216697+00:00,63.76
2025-07-29T19:23:37.219613+00:00,62.89
2025-07-29T20:23:37.281550+00:00,62.89
2025-07-29T21:23:37.299995+00:00,61.72
2025-07-29T22:23:37.230273+00:00,62.89
2025-07-29T23:23:37.220547+00:00,62.89
2025-07-30T00:23:37.231205+00:00,67.86
2025-07-30T01:23:37.261656+00:00,67.86
2025-07-30T02:23:37.267937+00:00,67.86
2025-07-30T03:23:37.269282+00:00,62.3
2025-07-30T04:23:37.277586+00:00,62.3
2025-07-30T05:23:37.222697+00:00,62.01
2025-07-30T06:23:37.231464+00:00,62.01
2025-07-30T07:23:37.215204+00:00,61.72
2025-07-30T08:23:37.197304+00:00,54.99
2025-07-30T09:23:37.255807+00:00,53.82
2025-07-30T10:23:37.250392+00:00,56.45
2025-07-30T11:23:37.220720+00:00,62.01
2025-07-30T12:23:37.181194+00:00,62.3
2025-07-30T13:23:37.260219+00:00,62.3
2025-07-30T14:23:37.223864+00:00,56.75
2025-07-30T15:23:37.201748+00:00,60.25
2025-07-30T16:23:37.308669+00:00,51.48
2025-07-30T17:23:37.143324+00:00,66.98
2025-07-30T18:23:37.222560+00:00,66.98
2025-07-30T19:23:37.185815+00:00,66.98
2025-07-30T20:23:37.208979+00:00,62.01
2025-07-30T21:23:37.268120+00:00,62.01
2025-07-30T22:23:37.312283+00:00,63.18
2025-07-30T23:23:37.207890+00:00,62.01
2025-07-31T00:23:37.223368+00:00,62.01
2025-07-31T01:23:37.225245+00:00,62.01
2025-07-31T02:23:37.187200+00:00,62.01
2025-07-31T03:23:37.213233+00:00,62.01
2025-07-31T04:23:37.245660+00:00,62.01
2025-07-31T05:23:37.213264+00:00,62.01
2025-07-31T06:23:37.204538+00:00,61.72
2025-07-31T07:23:37.205540+00:00,60.25
2025-07-31T08:23:37.239684+00:00,65.23
2025-07-31T09:23:52.170813+00:00,61.72
2025-07-31T10:23:37.294234+00:00,60.55
2025-07-31T11:23:37.137914+00:00,66.1
2025-07-31T12:23:37.190192+00:00,64.94
2025-07-31T13:23:37.174261+00:00,66.1
2025-07-31T14:23:37.212219+00:00,64.94
2025-07-31T15:23:37.289537+00:00,62.6
2025-07-31T16:23:37.349372+00:00,62.6
2025-07-31T17:23:37.148098+00:00,62.6
2025-07-31T18:23:37.187679+00:00,62.89
2025-07-31T19:23:37.180944+00:00,62.89
2025-07-31T20:23:37.190164+00:00,68.45
2025-07-31T21:23:37.254076+00:00,75.17
2025-07-31T22:23:37.218150+00:00,75.17
2025-07-31T23:23:37.199116+00:00,75.46
2025-08-01T00:23:37.209542+00:00,75.46
2025-08-01T01:23:37.164591+00:00,75.76
2025-08-01T02:23:37.257205+00:00,85.41
2025-08-01T03:23:37.230128+00:00,0.0
2025-08-01T04:23:37.273767+00:00,0.0
2025-08-01T05:23:37.238778+00:00,0.0
2025-08-01T06:23:37.199329+00:00,0.0
2025-08-01T07:23:37.162719+00:00,0.0
2025-08-01T08:23:37.250055+00:00,0.0
2025-08-01T09:23:37.276925+00:00,0.0
2025-08-01T10:23:37.244684+00:00,0.0
2025-08-01T11:23:37.260767+00:00,0.0
2025-08-01T12:23:37.207105+00:00,0.0
2025-08-01T13:23:37.239199+00:00,0.0
2025-08-01T14:23:37.192856+00:00,0.0
2025-08-01T15:23:37.202311+00:00,0.0
2025-08-01T16:23:37.258733+00:00,0.0
2025-08-01T17:23:37.245711+00:00,0.0
2025-08-01T18:23:37.162035+00:00,0.0
2025-08-01T19:23:37.187866+00:00,0.0
2025-08-01T20:23:37.231069+00:00,0.0
2025-08-01T21:23:37.223727+00:00,0.0
2025-08-01T22:23:37.241324+00:00,0.0
2025-08-01T23:23:37.286928+00:00,0.0
2025-08-02T00:23:37.138844+00:00,0.0
2025-08-02T01:23:37.204960+00:00,0.0
2025-08-02T02:23:37.251688+00:00,0.0
2025-08-02T03:23:37.219623+00:00,0.0
2025-08-02T04:23:37.286121+00:00,0.0
2025-08-02T05:23:37.297964+00:00,0.0
2025-08-02T06:23:37.155005+00:00,0.0
2025-08-02T07:23:37.208068+00:00,0.0
2025-08-02T08:23:37.228236+00:00,0.0
2025-08-02T09:23:37.187833+00:00,0.0
2025-08-02T10:23:37.212028+00:00,0.0
2025-08-02T11:23:37.253607+00:00,0.0
2025-08-02T12:23:37.210964+00:00,0.0
2025-08-02T13:23:37.161845+00:00,0.0
2025-08-02T14:23:37.233275+00:00,0.0
2025-08-02T15:23:37.256450+00:00,0.0
2025-08-02T16:23:37.211836+00:00,0.0
2025-08-02T17:23:37.302273+00:00,0.0
2025-08-02T18:23:37.223192+00:00,0.0
2025-08-02T19:23:37.225589+00:00,0.0
2025-08-02T20:23:37.247390+00:00,0.0
2025-08-02T21:23:37.187058+00:00,0.0
2025-08-02T22:23:37.266035+00:00,0.0
2025-08-02T23:23:37.240953+00:00,0.0
2025-08-03T00:23:37.186600+00:00,0.0
2025-08-03T01:23:37.246469+00:00,0.0
2025-08-03T02:23:37.173238+00:00,0.0
2025-08-03T03:23:37.267141+00:00,0.0
2025-08-03T04:23:37.258766+00:00,0.0
2025-08-03T05:23:37.223466+00:00,0.0
2025-08-03T06:23:37.238106+00:00,0.0
2025-08-03T07:23:37.201669+00:00,0.0
2025-08-03T08:23:37.184229+00:00,0.0
2025-08-03T09:23:37.193954+00:00,0.0
2025-08-03T10:23:37.228194+00:00,0.0
2025-08-03T11:23:37.298230+00:00,0.0
2025-08-03T12:23:37.255722+00:00,0.0
2025-08-03T13:23:37.182114+00:00,0.0
2025-08-03T14:23:37.207883+00:00,0.0
2025-08-03T15:23:37.213442+00:00,0.0
2025-08-03T16:23:37.221367+00:00,0.0
2025-08-03T17:23:37.245977+00:00,0.0
2025-08-03T18:23:37.318551+00:00,0.0
2025-08-03T19:23:37.202430+00:00,0.0
2025-08-03T20:23:37.233030+00:00,0.0
2025-08-03T21:23:37.228209+00:00,0.0
2025-08-03T22:23:37.222876+00:00,0.0
2025-08-03T23:23:37.230804+00:00,0.0
2025-08-04T00:23:37.295195+00:00,0.0
2025-08-04T01:23:37.307820+00:00,0.0
2025-08-04T02:23:37.172481+00:00,0.0
2025-08-04T03:23:37.215788+00:00,0.0
2025-08-04T04:23:37.212091+00:00,0.0
2025-08-04T05:23:37.232925+00:00,0.0
2025-08-04T06:23:37.254052+00:00,0.0
2025-08-04T07:23:37.179023+00:00,0.0
2025-08-04T08:23:37.180054+00:00,0.0
2025-08-04T09:23:37.317182+00:00,0.0
2025-08-04T10:23:37.195341+00:00,0.0
2025-08-04T11:23:37.366957+00:00,0.0
2025-08-04T12:23:37.252532+00:00,0.0
2025-08-04T13:23:37.169236+00:00,0.0
2025-08-04T14:23:37.233041+00:00,0.0
2025-08-04T15:23:37.209749+00:00,0.0
2025-08-04T16:23:37.193016+00:00,0.0
2025-08-04T17:23:37.312173+00:00,0.0
2025-08-04T18:23:37.246838+00:00,0.0
2025-08-04T19:23:37.259799+00:00,0.0
2025-08-04T20:23:37.224864+00:00,0.0
2025-08-04T21:23:37.165686+00:00,0.0
2025-08-04T22:23:37.185989+00:00,0.0
2025-08-04T23:23:37.227789+00:00,0.0
2025-08-05T00:23:37.256256+00:00,0.0
2025-08-05T01:23:37.305315+00:00,0.0
2025-08-05T02:23:37.153876+00:00,0.0
2025-08-05T03:23:37.177399+00:00,0.0
2025-08-05T04:23:37.182504+00:00,0.0
2025-08-05T05:23:37.236875+00:00,0.0
2025-08-05T06:23:37.220648+00:00,0.0
2025-08-05T07:23:37.220963+00:00,0.0
2025-08-05T08:23:37.166377+00:00,0.0
2025-08-05T09:23:37.202535+00:00,0.0
2025-08-05T10:23:37.262894+00:00,0.0
2025-08-05T11:23:37.207460+00:00,0.0
2025-08-05T12:23:37.237481+00:00,0.0
2025-08-05T13:23:37.217425+00:00,0.0
2025-08-05T14:23:37.180788+00:00,0.0
2025-08-05T15:23:37.193675+00:00,0.0
2025-08-05T17:23:38.092969+00:00,0.0
2025-08-05T18:23:37.253788+00:00,0.0
2025-08-05T19:23:37.273271+00:00,0.0
2025-08-05T20:23:37.135759+00:00,0.0
2025-08-05T21:23:37.237868+00:00,0.0
2025-08-05T22:23:37.200762+00:00,0.0
2025-08-05T23:23:37.229221+00:00,0.0
2025-08-06T00:23:37.281697+00:00,0.0
2025-08-06T01:23:37.210795+00:00,0.0
2025-08-06T02:23:37.172911+00:00,0.0
2025-08-06T03:23:37.222747+00:00,0.0
2025-08-06T04:23:37.205365+00:00,0.0
2025-08-06T05:23:37.189786+00:00,0.0
2025-08-06T06:23:37.235092+00:00,0.0
2025-08-06T07:23:37.272618+00:00,0.0
2025-08-06T08:23:37.308051+00:00,0.0
2025-08-06T09:23:37.157974+00:00,0.0
2025-08-06T10:23:37.188012+00:00,0.0
2025-08-06T11:23:37.242691+00:00,0.0
2025-08-06T12:23:37.227895+00:00,0.0
2025-08-06T13:23:37.225529+00:00,0.0
2025-08-06T14:23:37.240300+00:00,0.0
2025-08-06T15:23:37.175214+00:00,0.0
2025-08-06T16:23:37.199983+00:00,0.0
2025-08-06T17:23:37.206635+00:00,0.0
2025-08-06T18:23:37.252746+00:00,0.0
2025-08-06T19:23:37.244234+00:00,0.0
2025-08-06T20:23:37.243508+00:00,0.0
2025-08-06T21:23:37.181479+00:00,0.0
2025-08-06T22:23:37.163831+00:00,0.0
2025-08-06T23:23:37.191074+00:00,0.0
2025-08-07T00:23:37.248611+00:00,0.0
2025-08-07T01:23:37.210258+00:00,0.0
2025-08-07T02:23:37.301069+00:00,0.0
2025-08-07T03:23:37.168467+00:00,0.0
2025-08-07T04:23:37.201890+00:00,0.0
2025-08-07T05:23:37.212279+00:00,0.0
2025-08-07T06:23:37.212427+00:00,0.0
2025-08-07T07:23:37.227413+00:00,0.0
2025-08-07T08:23:37.265137+00:00,0.0
2025-08-07T09:23:37.159483+00:00,0.0
2025-08-07T10:23:37.137639+00:00,0.0
2025-08-07T11:23:37.152266+00:00,0.0
2025-08-07T12:23:37.139733+00:00,0.0
2025-08-07T13:23:37.186493+00:00,0.0
2025-08-07T14:23:37.198197+00:00,0.0
2025-08-07T15:23:37.201894+00:00,0.0
2025-08-07T16:23:37.229648+00:00,0.0
2025-08-07T17:23:37.215866+00:00,0.0
2025-08-07T18:23:37.225693+00:00,0.0
2025-08-07T19:23:37.210508+00:00,0.0
2025-08-07T20:23:37.273085+00:00,0.0
2025-08-07T21:23:37.227502+00:00,0.0
2025-08-07T22:23:37.179364+00:00,0.0
2025-08-07T23:23:37.192281+00:00,0.0
2025-08-08T00:23:37.190238+00:00,0.0
2025-08-08T01:23:37.217910+00:00,0.0
2025-08-08T02:23:37.276935+00:00,0.0
2025-08-08T03:23:37.285292+00:00,0.0
2025-08-08T04:23:37.154516+00:00,0.0
2025-08-08T05:23:37.184797+00:00,0.0
2025-08-08T06:23:37.203853+00:00,0.0
2025-08-08T07:23:37.236199+00:00,0.0
2025-08-08T08:23:37.219564+00:00,0.0
2025-08-08T09:23:37.243149+00:00,0.0
2025-08-08T10:23:37.216888+00:00,0.0
2025-08-08T11:23:37.159593+00:00,0.0
2025-08-08T12:23:37.180656+00:00,0.0
2025-08-08T13:23:37.188257+00:00,0.0
2025-08-08T14:23:37.273106+00:00,0.0
2025-08-08T15:23:37.305240+00:00,0.0
2025-08-08T16:23:37.141346+00:00,0.0
2025-08-08T17:23:37.178385+00:00,0.0
2025-08-08T18:23:37.191276+00:00,0.0
2025-08-08T19:23:37.227503+00:00,0.0
2025-08-08T20:23:37.205507+00:00,0.0
2025-08-08T21:23:37.307864+00:00,0.0
2025-08-08T22:23:37.169314+00:00,0.0
2025-08-08T23:23:37.212164+00:00,0.0
2025-08-09T00:23:37.172521+00:00,0.0
2025-08-09T01:23:37.255250+00:00,0.0
2025-08-09T02:23:37.284279+00:00,0.0
2025-08-09T03:23:37.312458+00:00,0.0
2025-08-09T04:23:37.156386+00:00,0.0
2025-08-09T05:23:37.210294+00:00,0.0
2025-08-09T06:23:37.197278+00:00,0.0
2025-08-09T07:23:37.277261+00:00,0.0
2025-08-09T08:23:37.260652+00:00,0.0
2025-08-09T09:23:37.132588+00:00,87.17
2025-08-09T10:23:37.158268+00:00,0.0
2025-08-09T11:23:37.146220+00:00,0.0
2025-08-09T12:23:37.184203+00:00,0.0
2025-08-09T13:23:37.189950+00:00,0.0
2025-08-09T14:23:37.281222+00:00,0.0
2025-08-09T15:23:37.248693+00:00,87.46
2025-08-09T16:23:37.149461+00:00,87.46
2025-08-09T17:23:37.243148+00:00,87.75
2025-08-09T18:23:37.194586+00:00,87.75
2025-08-09T19:23:37.205396+00:00,87.75
2025-08-09T20:23:37.273870+00:00,0.0
2025-08-09T21:23:37.252911+00:00,87.75
2025-08-09T22:23:37.188603+00:00,0.0
2025-08-09T23:23:37.160959+00:00,0.0
2025-08-10T00:23:37.249428+00:00,87.75
2025-08-10T01:23:37.203123+00:00,0.0
2025-08-10T02:23:37.302101+00:00,0.0
2025-08-10T03:23:37.236912+00:00,87.75
2025-08-10T04:23:37.165733+00:00,0.0
2025-08-10T05:23:37.224198+00:00,0.0
2025-08-10T06:23:37.245889+00:00,87.46
2025-08-10T07:23:37.248776+00:00,87.17
2025-08-10T08:23:37.256153+00:00,85.41
2025-08-10T09:23:37.263638+00:00,85.41
2025-08-10T10:23:37.152317+00:00,86.0
2025-08-10T11:23:37.218612+00:00,87.46
2025-08-10T12:23:37.176229+00:00,86.58
2025-08-10T13:23:37.245601+00:00,86.58
2025-08-10T14:23:37.299170+00:00,86.58
2025-08-10T15:23:37.244416+00:00,82.49
2025-08-10T16:23:37.167029+00:00,82.49
2025-08-10T17:23:37.204195+00:00,82.49
2025-08-10T18:23:37.213950+00:00,83.95
2025-08-10T19:23:37.197482+00:00,83.95
2025-08-10T20:23:37.217023+00:00,83.95
2025-08-10T21:23:37.235144+00:00,85.12
2025-08-10T22:23:37.212283+00:00,85.12
2025-08-10T23:23:37.242400+00:00,85.12
2025-08-11T00:23:37.265704+00:00,85.12
2025-08-11T01:23:37.264980+00:00,85.12
2025-08-11T02:23:37.260529+00:00,85.12
2025-08-11T03:23:37.181620+00:00,84.53
2025-08-11T04:23:37.192140+00:00,84.53
2025-08-11T05:23:37.219404+00:00,84.53
2025-08-11T06:23:37.188948+00:00,84.24
2025-08-11T07:23:37.191131+00:00,83.95
2025-08-11T08:23:37.217944+00:00,76.05
2025-08-11T09:23:38.739308+00:00,76.05
2025-08-11T10:23:37.202879+00:00,78.39
2025-08-11T11:23:37.172034+00:00,82.19
2025-08-11T12:23:37.228483+00:00,82.49
2025-08-11T13:23:37.272943+00:00,82.49
2025-08-11T14:23:37.220452+00:00,82.19
2025-08-11T15:23:37.124942+00:00,82.19
2025-08-11T16:23:37.177147+00:00,82.19
2025-08-11T17:23:37.199598+00:00,82.19
2025-08-11T18:23:37.181790+00:00,82.19
2025-08-11T19:23:37.283955+00:00,82.49
2025-08-11T20:23:37.274850+00:00,84.82
2025-08-11T21:23:37.151440+00:00,84.82
2025-08-11T22:23:37.227578+00:00,84.82
2025-08-11T23:23:37.237741+00:00,84.82
2025-08-12T00:23:37.260846+00:00,84.82
2025-08-12T01:23:37.239957+00:00,84.53
2025-08-12T02:23:37.284408+00:00,84.82
2025-08-12T03:23:37.172488+00:00,84.53
2025-08-12T04:23:37.167184+00:00,84.53
2025-08-12T05:23:37.206019+00:00,84.53
2025-08-12T06:23:37.178876+00:00,84.24
2025-08-12T07:23:37.215236+00:00,83.95
2025-08-12T08:23:37.244159+00:00,76.05
2025-08-12T09:23:37.139014+00:00,75.76
2025-08-12T10:23:37.188781+00:00,78.39
2025-08-12T11:23:37.221963+00:00,80.15
2025-08-12T12:23:37.287166+00:00,80.15
2025-08-12T13:23:37.244612+00:00,80.15
2025-08-12T14:23:37.227418+00:00,79.85
2025-08-12T15:23:37.225979+00:00,76.05
2025-08-12T16:23:37.179928+00:00,76.05
2025-08-12T17:23:37.242903+00:00,78.39
2025-08-12T18:23:37.186761+00:00,76.34
2025-08-12T19:23:37.232656+00:00,78.39
2025-08-12T20:23:37.309319+00:00,78.39
2025-08-12T21:23:37.216458+00:00,78.39
2025-08-12T22:23:37.158045+00:00,78.39
2025-08-12T23:23:37.210384+00:00,78.39
2025-08-13T00:23:37.245364+00:00,78.39
2025-08-13T01:23:37.223054+00:00,78.39
2025-08-13T02:23:37.234443+00:00,78.39
2025-08-13T03:23:37.156156+00:00,71.95
2025-08-13T04:23:37.185891+00:00,71.95
2025-08-13T05:23:37.222364+00:00,71.95
2025-08-13T06:23:37.258848+00:00,71.66
2025-08-13T07:23:37.220842+00:00,72.83
2025-08-13T08:23:37.280038+00:00,69.32
2025-08-13T09:23:37.250005+00:00,69.91
2025-08-13T10:23:37.175393+00:00,67.86
2025-08-13T11:23:37.231290+00:00,70.79
2025-08-13T12:23:37.200801+00:00,72.25
2025-08-13T13:23:37.235960+00:00,72.25
2025-08-13T14:23:37.142644+00:00,72.25
2025-08-13T15:23:37.208119+00:00,71.08
2025-08-13T16:23:37.184412+00:00,71.08
2025-08-13T17:23:37.215482+00:00,72.25
2025-08-13T18:23:37.276931+00:00,72.54
2025-08-13T19:23:37.232712+00:00,72.54
2025-08-13T20:23:37.166919+00:00,71.37
2025-08-13T21:23:37.185404+00:00,71.37
2025-08-13T22:23:37.210778+00:00,71.37
2025-08-13T23:23:37.276630+00:00,71.37
2025-08-14T00:23:37.226366+00:00,71.08
2025-08-14T01:23:37.186198+00:00,71.08
2025-08-14T02:23:37.225634+00:00,71.08
2025-08-14T03:23:37.226984+00:00,71.08
2025-08-15T10:23:37.270019+00:00,60.84
2025-08-15T11:23:37.185990+00:00,60.25
2025-08-15T12:23:37.216801+00:00,60.55
2025-08-15T13:23:37.191771+00:00,60.55
2025-08-15T14:23:37.279749+00:00,60.55
2025-08-15T15:23:37.265479+00:00,60.55
2025-08-15T16:23:37.199712+00:00,60.55
2025-08-15T17:23:37.204511+00:00,60.55
2025-08-15T18:23:37.264194+00:00,64.06
2025-08-15T19:23:37.230645+00:00,65.52
2025-08-15T20:23:37.292999+00:00,65.52
2025-08-15T21:23:37.231344+00:00,60.25
2025-08-15T22:23:37.239484+00:00,60.55
2025-08-15T23:23:37.277148+00:00,60.25
2025-08-16T00:23:37.273139+00:00,59.09
2025-08-16T01:23:37.304206+00:00,60.25
2025-08-16T02:23:37.234054+00:00,59.96
2025-08-16T03:23:37.248039+00:00,59.96
2025-08-16T04:23:37.272148+00:00,59.96
2025-08-16T05:23:37.229433+00:00,61.13
2025-08-16T06:23:37.355203+00:00,59.96
2025-08-16T07:23:37.256973+00:00,60.84
2025-08-16T08:23:37.361967+00:00,60.84
2025-08-16T09:23:37.318393+00:00,60.84
2025-08-16T10:23:37.176464+00:00,60.84
2025-08-16T11:23:37.205883+00:00,60.25
2025-08-16T12:23:37.302736+00:00,58.79
2025-08-16T13:23:37.206885+00:00,58.79
2025-08-16T14:23:37.230989+00:00,59.09
2025-08-16T15:23:37.192368+00:00,55.87
2025-08-16T16:23:37.162716+00:00,55.87
2025-08-16T17:23:37.185624+00:00,56.16
2025-08-16T18:23:37.305295+00:00,56.16
2025-08-16T19:23:37.269402+00:00,56.16
2025-08-16T20:23:37.296120+00:00,54.7
2025-08-16T21:23:37.244194+00:00,54.99
2025-08-16T22:23:37.254513+00:00,54.7
2025-08-16T23:23:37.224363+00:00,53.53
2025-08-17T00:23:37.231794+00:00,54.7
2025-08-17T01:23:37.121376+00:00,54.4
2025-08-17T02:23:37.268375+00:00,54.4
2025-08-17T03:23:37.215684+00:00,50.31
2025-08-17T04:23:37.188697+00:00,50.02
2025-08-17T05:23:37.216881+00:00,48.85
2025-08-17T06:23:37.170707+00:00,50.02
2025-08-17T07:23:37.170665+00:00,50.02
2025-08-17T08:23:37.198560+00:00,49.72
2025-08-17T09:23:37.307116+00:00,49.72
2025-08-17T10:23:37.276337+00:00,49.43
2025-08-17T11:23:37.351047+00:00,49.43
2025-08-17T12:23:37.298072+00:00,48.85
2025-08-17T13:23:37.285800+00:00,49.14
2025-08-17T14:23:37.228771+00:00,50.02
2025-08-17T15:23:37.204407+00:00,50.02
2025-08-17T16:23:37.215147+00:00,50.02
2025-08-17T17:23:37.199050+00:00,50.02
2025-08-17T18:23:37.225456+00:00,50.31
2025-08-17T19:23:37.178705+00:00,48.85
2025-08-17T20:23:37.237465+00:00,48.85
2025-08-17T21:23:37.156207+00:00,48.85
2025-08-17T22:23:37.153562+00:00,48.85
2025-08-17T23:23:37.142554+00:00,52.65
2025-08-18T00:23:37.155730+00:00,52.65
2025-08-18T01:23:37.273026+00:00,52.36
2025-08-18T02:23:37.314939+00:00,52.36
2025-08-18T03:23:37.227260+00:00,52.36
2025-08-18T04:23:37.204831+00:00,53.53
2025-08-18T05:23:37.288282+00:00,53.24
2025-08-18T06:23:37.254361+00:00,54.11
2025-08-18T07:23:37.205667+00:00,49.14
2025-08-18T08:23:37.243752+00:00,45.34
2025-08-18T09:23:37.233148+00:00,44.75
2025-08-18T10:23:37.208047+00:00,45.92
2025-08-18T11:23:37.200000+00:00,47.09
2025-08-18T12:23:37.176986+00:00,48.85
2025-08-18T13:23:37.239756+00:00,48.55
2025-08-18T14:23:37.217352+00:00,48.55
2025-08-18T15:23:37.232128+00:00,43.0
2025-08-18T16:23:37.177682+00:00,42.7
2025-08-18T17:23:37.203807+00:00,42.7
2025-08-18T18:23:37.193259+00:00,43.0
2025-08-18T19:23:37.181993+00:00,43.0
2025-08-18T20:23:37.205603+00:00,43.0
2025-08-18T21:23:37.283588+00:00,43.0
2025-08-18T22:23:37.299340+00:00,43.0
2025-08-18T23:23:37.315086+00:00,43.0
2025-08-19T00:23:37.256185+00:00,42.7
2025-08-19T01:23:37.283465+00:00,43.0
2025-08-19T02:23:37.277479+00:00,43.0
2025-08-19T03:23:37.207727+00:00,38.32
2025-08-19T04:23:37.273883+00:00,38.32
2025-08-19T05:23:37.171888+00:00,38.32
2025-08-19T06:23:37.271375+00:00,37.73
2025-08-19T07:23:37.178737+00:00,37.73
2025-08-19T08:23:37.213311+00:00,34.81
2025-08-19T09:23:37.245362+00:00,33.05
2025-08-19T10:23:37.276897+00:00,35.1
2025-08-19T11:23:37.170467+00:00,36.85
2025-08-19T12:23:37.186222+00:00,37.15
2025-08-19T13:23:37.231058+00:00,38.32
2025-08-19T14:23:37.197697+00:00,38.32
2025-08-19T15:23:37.258144+00:00,38.03
2025-08-19T16:23:37.252087+00:00,38.32
2025-08-19T17:23:37.193045+00:00,38.32
2025-08-19T18:23:37.206686+00:00,37.15
2025-08-19T19:23:37.177349+00:00,37.15
2025-08-19T20:23:37.165472+00:00,37.15
2025-08-19T21:23:37.237494+00:00,37.15
2025-08-19T22:23:37.251452+00:00,37.15
2025-08-19T23:23:37.226229+00:00,35.98
2025-08-20T00:23:37.190420+00:00,37.15
2025-08-20T01:23:37.150267+00:00,37.15
2025-08-20T02:23:37.183902+00:00,35.69
2025-08-20T03:23:37.266926+00:00,36.85
2025-08-20T04:23:37.267383+00:00,36.85
2025-08-20T05:23:37.284875+00:00,36.85
2025-08-20T06:23:37.304138+00:00,38.03
2025-08-20T07:23:37.275258+00:00,38.03
2025-08-20T08:23:37.224505+00:00,37.73
2025-08-20T09:23:37.276269+00:00,37.44
2025-08-20T10:23:37.259317+00:00,35.1
2025-08-20T11:23:37.226021+00:00,35.69
2025-08-20T12:23:37.240750+00:00,35.69
2025-08-20T13:23:52.263998+00:00,35.98
2025-08-20T14:23:37.189122+00:00,35.98
2025-08-20T15:23:37.242477+00:00,32.76
2025-08-20T16:23:37.201481+00:00,32.76
2025-08-20T17:23:37.229013+00:00,32.76
2025-08-20T18:23:37.159464+00:00,32.76
2025-08-20T19:23:37.236708+00:00,32.76
2025-08-20T20:23:37.149832+00:00,31.59
2025-08-20T21:23:37.214521+00:00,31.3
2025-08-20T22:23:37.155756+00:00,31.59
2025-08-20T23:23:37.308960+00:00,31.59
2025-08-21T00:23:37.184865+00:00,31.59
2025-08-21T01:23:37.235492+00:00,31.3
2025-08-21T02:23:37.296318+00:00,31.3
2025-08-21T03:23:37.223993+00:00,26.91
2025-08-21T04:23:37.266566+00:00,26.91
2025-08-21T05:23:37.270387+00:00,25.74
2025-08-21T06:23:37.200143+00:00,26.33
2025-08-21T07:23:37.160855+00:00,26.33
2025-08-21T08:23:37.160178+00:00,24.28
2025-08-21T09:23:38.741229+00:00,23.4
2025-08-21T12:23:37.226527+00:00,25.45
2025-08-21T13:23:37.156024+00:00,25.45
2025-08-21T14:23:37.324627+00:00,25.45
2025-08-21T15:23:37.177981+00:00,25.74
2025-08-21T16:23:37.160822+00:00,25.74
2025-08-21T17:23:37.187272+00:00,25.74
2025-08-21T18:23:37.241960+00:00,26.03
2025-08-21T19:23:37.287242+00:00,27.2
2025-08-21T20:23:37.260510+00:00,27.2
2025-08-21T21:23:37.275682+00:00,27.2
2025-08-21T22:23:37.294586+00:00,27.2
2025-08-21T23:23:37.240804+00:00,27.2
2025-08-22T00:23:37.185053+00:00,27.2
2025-08-22T01:23:37.244494+00:00,26.03
2025-08-22T02:23:37.198058+00:00,25.74
2025-08-22T03:23:37.194120+00:00,25.74
2025-08-22T04:23:37.185475+00:00,25.74
2025-08-22T05:23:37.188191+00:00,25.74
2025-08-22T06:23:37.320651+00:00,25.45
2025-08-22T07:23:37.259749+00:00,25.15
2025-08-22T08:23:37.231644+00:00,24.86
2025-08-22T09:23:37.223926+00:00,23.99
2025-08-22T10:23:37.245719+00:00,23.99
2025-08-22T11:23:37.206908+00:00,24.28
2025-08-22T12:23:37.184769+00:00,24.57
2025-08-22T13:23:37.259828+00:00,24.86
2025-08-22T14:23:37.212212+00:00,24.57
2025-08-22T15:23:37.237611+00:00,20.18
2025-08-22T16:23:37.270190+00:00,20.18
2025-08-22T17:23:37.142678+00:00,20.48
2025-08-22T18:23:37.206492+00:00,20.48
2025-08-22T19:23:37.316870+00:00,20.48
2025-08-22T20:23:37.270212+00:00,20.18
2025-08-22T21:23:37.336292+00:00,21.65
2025-08-22T22:23:37.274134+00:00,21.35
2025-08-22T23:23:37.199637+00:00,20.18
2025-08-23T00:23:37.264501+00:00,21.65
2025-08-23T01:23:37.174648+00:00,21.35
2025-08-23T02:23:37.167341+00:00,21.65
2025-08-23T03:23:37.193871+00:00,15.5
2025-08-23T04:23:37.173706+00:00,15.8
2025-08-23T05:23:37.292995+00:00,15.5
2025-08-23T06:23:37.230358+00:00,15.5
2025-08-23T07:23:37.280043+00:00,16.67
2025-08-23T08:23:37.209468+00:00,13.75
2025-08-23T09:23:37.270142+00:00,16.96
2025-08-23T10:23:37.174876+00:00,21.06
2025-08-23T11:23:37.171501+00:00,20.18
2025-08-23T12:23:37.163912+00:00,21.65
2025-08-23T13:23:37.207108+00:00,22.23
2025-08-23T14:23:37.155804+00:00,22.81
2025-08-23T15:23:37.298783+00:00,21.06
2025-08-23T16:23:37.298065+00:00,22.52
2025-08-23T17:23:37.292245+00:00,22.52
2025-08-23T18:23:37.204199+00:00,22.81
2025-08-23T19:23:37.236212+00:00,22.52
2025-08-23T20:23:37.256794+00:00,22.81
2025-08-23T21:23:37.226326+00:00,22.81
2025-08-23T22:23:37.252753+00:00,22.52
2025-08-23T23:23:37.224342+00:00,22.52
2025-08-24T00:23:37.168582+00:00,22.81
2025-08-24T01:23:37.194780+00:00,21.35
2025-08-24T02:23:37.299938+00:00,21.65
2025-08-24T03:23:37.250534+00:00,21.35
2025-08-24T04:23:37.188550+00:00,21.35
2025-08-24T05:23:37.320073+00:00,21.35
2025-08-24T06:23:37.233622+00:00,20.77
2025-08-24T07:23:37.154389+00:00,20.48
2025-08-24T08:23:37.297337+00:00,19.3
2025-08-24T09:23:37.250025+00:00,16.38
2025-08-24T10:23:37.293116+00:00,19.89
2025-08-24T11:23:37.239404+00:00,20.18
2025-08-24T12:23:37.216385+00:00,19.6
2025-08-24T13:23:37.347068+00:00,19.6
2025-08-24T14:23:37.195987+00:00,19.89
2025-08-24T15:23:37.208489+00:00,12.87
2025-08-24T16:23:37.270948+00:00,13.16
2025-08-24T17:23:37.232766+00:00,14.33
2025-08-24T18:23:37.287364+00:00,13.16
2025-08-24T19:23:37.151064+00:00,14.33
2025-08-24T20:23:37.180249+00:00,14.62
2025-08-24T21:23:37.357874+00:00,14.62
2025-08-24T22:23:37.227580+00:00,14.62
2025-08-24T23:23:37.190858+00:00,14.62
2025-08-25T00:23:37.217733+00:00,14.62
2025-08-25T01:23:37.424277+00:00,15.8
2025-08-25T02:23:37.215274+00:00,14.62
2025-08-25T03:23:37.162118+00:00,9.95
2025-08-25T04:23:37.207992+00:00,9.95
2025-08-25T05:23:37.313897+00:00,9.65
2025-08-25T06:23:37.275302+00:00,10.53
2025-08-25T07:23:37.327684+00:00,9.95
2025-08-25T08:23:37.271155+00:00,8.48
2025-08-25T09:23:37.257033+00:00,6.14
2025-08-25T10:23:37.180852+00:00,7.6
2025-08-25T11:23:37.214073+00:00,9.65
2025-08-25T12:23:37.174104+00:00,9.95
2025-08-25T13:23:37.243203+00:00,8.48
2025-08-25T14:23:52.271033+00:00,8.77
2025-08-25T15:23:37.227357+00:00,9.95
2025-08-25T16:23:37.212115+00:00,9.95
2025-08-25T17:23:37.259371+00:00,9.95
2025-08-25T18:23:37.261166+00:00,9.95
2025-08-25T19:23:37.223973+00:00,10.24
2025-08-25T20:23:37.376995+00:00,10.24
2025-08-25T21:23:37.259902+00:00,10.24
2025-08-25T22:23:37.210967+00:00,9.07
2025-08-25T23:23:37.273525+00:00,10.24
2025-08-26T00:23:37.269796+00:00,10.24
2025-08-26T01:23:37.221141+00:00,10.24
2025-08-26T02:23:37.195539+00:00,10.24
2025-08-26T03:23:37.213800+00:00,8.77
2025-08-26T04:23:37.234129+00:00,8.77
2025-08-26T05:23:37.307708+00:00,8.77
2025-08-26T06:23:37.266966+00:00,8.19
2025-08-26T07:23:37.248347+00:00,8.19
2025-08-26T08:23:37.280636+00:00,5.56
2025-08-26T09:23:37.231521+00:00,3.51
2025-08-26T10:23:37.280772+00:00,5.56
2025-08-26T11:23:37.216435+00:00,8.48
2025-08-26T12:23:37.266504+00:00,8.77
2025-08-26T13:23:37.222836+00:00,8.77
2025-08-26T14:23:37.221348+00:00,8.77
2025-08-26T15:23:37.235248+00:00,2.63
2025-08-26T16:23:37.198240+00:00,2.92
2025-08-26T17:23:37.218359+00:00,2.92
2025-08-26T18:23:37.222975+00:00,2.92
2025-08-26T19:23:37.176720+00:00,2.92
2025-08-26T20:23:37.254688+00:00,3.22
2025-08-26T21:23:37.220878+00:00,2.92
2025-08-26T22:23:37.233813+00:00,2.92
2025-08-26T23:23:37.161600+00:00,2.92
2025-08-27T00:23:37.168314+00:00,2.63
2025-08-27T01:23:37.171430+00:00,2.34
2025-08-27T02:23:37.146175+00:00,3.51
2025-08-27T03:23:37.147403+00:00,0.0
2025-08-27T04:23:37.163922+00:00,0.0
2025-08-27T05:23:37.138947+00:00,0.0
2025-08-27T06:23:37.179211+00:00,0.0
2025-08-27T07:23:37.278201+00:00,0.0
2025-08-27T08:23:37.252767+00:00,0.0
2025-08-27T09:23:37.262230+00:00,0.0
2025-08-27T10:23:37.262892+00:00,0.0
2025-08-27T11:23:37.145045+00:00,0.0
2025-08-27T12:23:37.224348+00:00,0.0
2025-08-27T13:23:37.143793+00:00,0.0
2025-08-27T14:23:37.138547+00:00,0.0
2025-08-27T15:23:37.177699+00:00,0.0
2025-08-27T16:23:37.143427+00:00,0.0
2025-08-27T17:23:37.195290+00:00,0.0
2025-08-27T18:23:37.214630+00:00,0.0
2025-08-27T19:23:37.199736+00:00,0.0
2025-08-27T20:23:37.230875+00:00,0.0
2025-08-27T21:23:37.188529+00:00,0.0
2025-08-27T22:23:37.190247+00:00,0.0
2025-08-27T23:23:37.172813+00:00,0.0
2025-08-28T00:23:37.210886+00:00,0.0
2025-08-28T01:23:37.216267+00:00,0.0
2025-08-28T02:23:37.144166+00:00,0.0
2025-08-28T03:23:37.276659+00:00,0.0
2025-08-28T04:23:37.257367+00:00,0.0
2025-08-28T05:23:37.281051+00:00,0.0
2025-08-28T06:23:37.231328+00:00,0.0
2025-08-28T07:23:37.249237+00:00,0.29
2025-08-28T08:23:37.259717+00:00,0.29
2025-08-28T09:23:37.275089+00:00,0.29
2025-08-28T10:23:37.260550+00:00,0.0
2025-08-28T11:23:37.249282+00:00,0.29
2025-08-28T12:23:37.253049+00:00,0.0
2025-08-28T13:23:37.328951+00:00,0.0
2025-08-28T14:23:37.248802+00:00,0.0
2025-08-28T15:23:37.228337+00:00,0.0
2025-08-28T16:23:37.286479+00:00,0.0
2025-08-28T17:23:37.256535+00:00,0.0
2025-08-28T18:23:37.251451+00:00,0.0
2025-08-28T19:23:37.220380+00:00,0.0
2025-08-28T20:23:37.196566+00:00,0.0
2025-08-28T21:23:37.303495+00:00,0.0
2025-08-28T22:23:37.201052+00:00,0.0
2025-08-28T23:23:37.223028+00:00,0.0
2025-08-29T00:23:37.181254+00:00,0.0
2025-08-29T01:23:37.163624+00:00,0.0
2025-08-29T02:23:37.209041+00:00,0.0
2025-08-29T03:23:37.175048+00:00,29.25
2025-08-29T04:23:37.183776+00:00,28.37
2025-08-29T05:23:37.129861+00:00,30.71
2025-08-29T06:23:37.263667+00:00,31.59
2025-08-29T07:23:37.246108+00:00,0.0
2025-08-29T08:23:37.276883+00:00,0.0
2025-08-29T09:23:37.300419+00:00,29.25
2025-08-29T10:23:37.288890+00:00,28.08
2025-08-29T11:23:37.223422+00:00,14.33
2025-08-29T12:23:37.188194+00:00,14.33
2025-08-29T13:23:37.277070+00:00,13.45
2025-08-29T14:23:37.269821+00:00,13.75
2025-08-29T15:23:37.245387+00:00,14.92
2025-08-29T16:23:37.247142+00:00,14.92
2025-08-29T17:23:37.302968+00:00,14.92
2025-08-29T18:23:37.249463+00:00,14.92
2025-08-29T19:23:37.232847+00:00,14.92
2025-08-29T20:23:37.219466+00:00,16.09
2025-08-29T21:23:37.232837+00:00,16.09
2025-08-29T22:23:37.180700+00:00,16.09
2025-08-29T23:23:37.174148+00:00,16.38
2025-08-30T00:23:37.204499+00:00,16.09
2025-08-30T01:23:37.278211+00:00,16.09
2025-08-30T02:23:37.232130+00:00,16.09
2025-08-30T03:23:37.279693+00:00,17.26
2025-08-30T04:23:37.291022+00:00,28.08
2025-08-30T05:23:37.284944+00:00,28.08
2025-08-30T06:23:37.189660+00:00,28.08
2025-08-30T07:23:37.333890+00:00,15.8
2025-08-30T08:23:37.192830+00:00,20.48
2025-08-30T09:23:37.171917+00:00,13.16
2025-08-30T10:23:37.220944+00:00,12.29
2025-08-30T11:23:37.172558+00:00,15.21
2025-08-30T12:23:37.276055+00:00,15.5
2025-08-30T13:23:37.213569+00:00,16.96
2025-08-30T14:23:37.203272+00:00,16.67
2025-08-30T15:23:37.198813+00:00,10.82
2025-08-30T16:23:37.160007+00:00,11.11
2025-08-30T17:23:37.199787+00:00,10.82
2025-08-30T18:23:37.231485+00:00,11.41
2025-08-30T19:23:37.219513+00:00,12.58
2025-08-30T20:23:37.131524+00:00,12.58
2025-08-30T21:23:37.321562+00:00,12.58
2025-08-30T22:23:37.279573+00:00,12.58
2025-08-30T23:23:37.289941+00:00,12.58
2025-08-31T00:23:37.320462+00:00,12.58
2025-08-31T01:23:37.259476+00:00,12.29
2025-08-31T02:23:37.253715+00:00,12.58
2025-08-31T03:23:37.214818+00:00,7.9
2025-08-31T04:23:37.268720+00:00,7.9
2025-08-31T05:23:37.259747+00:00,7.6
2025-08-31T06:23:37.238605+00:00,7.6
2025-08-31T07:23:40.281043+00:00,7.31
2025-08-31T08:23:37.176025+00:00,2.05
2025-08-31T09:23:37.214730+00:00,0.0
2025-08-31T10:23:37.223058+00:00,2.34
2025-08-31T11:23:37.162022+00:00,4.1
2025-08-31T12:23:37.176156+00:00,5.85
2025-08-31T13:23:37.186811+00:00,5.56
2025-08-31T14:23:37.325461+00:00,5.85
2025-08-31T15:23:37.222714+00:00,5.56
2025-08-31T16:23:37.167455+00:00,5.85
2025-08-31T17:23:37.227884+00:00,7.02
2025-08-31T18:23:37.178557+00:00,7.02
2025-08-31T19:23:37.182492+00:00,7.02
2025-08-31T20:23:37.150300+00:00,7.02
2025-08-31T21:23:37.192222+00:00,5.85
2025-08-31T22:23:37.155929+00:00,7.02
2025-08-31T23:23:37.169713+00:00,7.31
2025-09-01T00:23:37.280327+00:00,7.31
2025-09-01T01:23:37.259104+00:00,6.14
2025-09-01T02:23:37.320728+00:00,4.97
2025-09-01T03:23:37.267671+00:00,4.97
2025-09-01T04:23:37.270564+00:00,4.97
2025-09-01T05:23:37.319281+00:00,4.68
2025-09-01T06:23:37.220609+00:00,5.85
2025-09-01T07:23:37.269518+00:00,5.56
2025-09-01T08:23:37.403903+00:00,40.85
2025-09-01T09:23:37.261730+00:00,40.63
2025-09-01T10:23:37.268782+00:00,40.63
2025-09-01T11:23:37.186922+00:00,40.17
2025-09-01T12:23:37.225036+00:00,39.95
2025-09-01T13:23:37.214864+00:00,40.17
2025-09-01T14:23:37.225714+00:00,39.95
2025-09-01T15:23:37.245441+00:00,38.16
2025-09-01T16:23:37.263359+00:00,38.16
2025-09-01T17:23:37.239358+00:00,37.49
2025-09-01T18:23:37.253712+00:00,37.49
2025-09-01T19:23:37.218781+00:00,37.49
2025-09-01T20:23:37.184382+00:00,36.6
2025-09-01T21:23:37.231289+00:00,36.6
2025-09-01T22:23:37.158183+00:00,36.6
2025-09-01T23:23:37.143260+00:00,36.6
2025-09-02T00:23:37.310045+00:00,36.37
2025-09-02T01:23:37.283400+00:00,36.37
2025-09-02T02:23:37.230808+00:00,36.6
2025-09-02T03:23:37.271788+00:00,32.85
2025-09-02T04:23:37.293993+00:00,32.85
2025-09-02T05:23:37.279258+00:00,32.85
2025-09-02T06:23:37.194106+00:00,32.85
2025-09-02T07:23:37.241487+00:00,33.51
2025-09-02T08:23:37.270684+00:00,33.51
2025-09-02T09:23:37.181570+00:00,32.85
2025-09-02T10:23:37.263251+00:00,31.11
2025-09-02T11:23:37.229847+00:00,33.07
2025-09-02T12:23:37.225472+00:00,33.29
2025-09-02T13:23:37.191800+00:00,33.29
2025-09-02T14:23:37.186778+00:00,33.29
2025-09-02T15:23:37.246528+00:00,33.29
2025-09-02T16:23:37.251322+00:00,32.85
2025-09-02T17:23:37.244769+00:00,32.2
2025-09-02T18:23:37.182834+00:00,32.42
2025-09-02T19:23:37.184613+00:00,32.42
2025-09-02T20:23:37.171505+00:00,32.42
2025-09-02T21:23:37.248246+00:00,31.33
2025-09-02T22:23:37.227760+00:00,31.33
2025-09-02T23:23:37.226120+00:00,31.33
2025-09-03T00:23:37.161301+00:00,31.33
2025-09-03T01:23:37.243970+00:00,32.2
2025-09-03T02:23:37.266984+00:00,32.2
2025-09-03T03:23:37.209217+00:00,32.2
2025-09-03T04:23:37.339795+00:00,33.07
2025-09-03T05:23:37.188064+00:00,33.07
2025-09-03T06:23:37.294344+00:00,32.85
2025-09-03T07:23:37.265719+00:00,32.85
2025-09-03T08:23:37.180078+00:00,30.03
2025-09-03T09:23:37.206352+00:00,30.89
2025-09-03T10:23:37.166823+00:00,31.33
2025-09-03T11:23:37.193800+00:00,32.42
2025-09-03T12:23:37.224805+00:00,32.42
2025-09-03T13:23:37.221864+00:00,32.63
2025-09-03T14:23:37.242382+00:00,32.42
2025-09-03T15:23:37.171164+00:00,29.6
2025-09-03T16:23:37.180406+00:00,29.81
2025-09-03T17:23:37.180257+00:00,29.81
2025-09-03T18:23:37.187292+00:00,30.03
2025-09-03T19:23:37.219102+00:00,30.03
2025-09-03T20:23:37.213770+00:00,30.03
2025-09-03T21:23:37.289301+00:00,28.95
2025-09-03T22:23:37.255464+00:00,28.09
2025-09-03T23:23:37.262677+00:00,28.74
2025-09-04T00:23:37.269250+00:00,28.95
2025-09-04T01:23:37.275112+00:00,28.95
2025-09-04T02:23:37.214006+00:00,28.95
2025-09-04T03:23:37.224648+00:00,24.48
2025-09-04T04:23:37.250185+00:00,24.48
2025-09-04T05:23:37.213383+00:00,24.27
2025-09-04T06:23:37.210994+00:00,24.27
2025-09-04T07:23:37.244158+00:00,24.06
2025-09-04T08:23:37.222898+00:00,22.39
2025-09-04T09:23:37.331270+00:00,21.97
2025-09-04T10:23:37.182145+00:00,22.8
2025-09-04T11:23:37.177477+00:00,25.75
2025-09-04T12:23:37.250144+00:00,26.18
2025-09-04T13:23:37.189263+00:00,26.18
2025-09-04T14:23:37.210535+00:00,26.18
2025-09-04T15:23:37.183563+00:00,26.18
2025-09-04T16:23:37.203751+00:00,26.18
2025-09-04T17:23:37.261826+00:00,26.18
2025-09-04T18:23:37.329369+00:00,26.18
2025-09-04T19:23:37.220141+00:00,26.39
2025-09-04T20:23:37.256264+00:00,26.39
2025-09-04T21:23:37.197079+00:00,25.54
2025-09-04T22:23:37.262177+00:00,25.75
2025-09-04T23:23:37.178058+00:00,25.75
2025-09-05T00:23:37.193982+00:00,26.81
2025-09-05T01:23:37.247995+00:00,28.74
2025-09-05T02:23:37.291106+00:00,25.33
2025-09-05T03:23:37.232879+00:00,34.61
2025-09-05T04:23:37.195784+00:00,40.63
2025-09-05T05:23:37.197566+00:00,44.49
2025-09-05T06:23:37.173842+00:00,45.41
2025-09-05T07:23:37.231814+00:00,46.33
2025-09-05T08:23:37.228114+00:00,42.66
2025-09-05T09:23:37.267913+00:00,39.5
2025-09-05T10:23:37.263933+00:00,38.83
2025-09-05T11:23:38.285927+00:00,41.08
2025-09-05T12:23:37.250185+00:00,41.08
2025-09-05T13:23:37.195954+00:00,41.08
2025-09-05T14:23:37.294328+00:00,41.3
2025-09-05T15:23:37.190277+00:00,37.71
2025-09-05T16:23:37.175306+00:00,37.93
2025-09-05T17:23:37.170246+00:00,37.71
2025-09-05T18:23:37.247411+00:00,40.85
2025-09-05T19:23:37.173418+00:00,40.85
2025-09-05T20:23:37.216505+00:00,40.85
2025-09-05T21:23:37.161725+00:00,40.85
2025-09-05T22:23:37.218402+00:00,40.85
2025-09-05T23:23:37.236457+00:00,41.08
2025-09-06T00:23:37.226609+00:00,40.85
2025-09-06T01:23:37.272411+00:00,41.08
2025-09-06T02:23:37.255630+00:00,40.85
2025-09-06T03:23:37.287567+00:00,37.49
2025-09-06T04:23:37.193986+00:00,37.49
2025-09-06T05:23:37.251570+00:00,37.26
2025-09-06T06:23:37.172062+00:00,37.26
2025-09-06T07:23:37.216791+00:00,37.04
2025-09-06T08:23:37.191064+00:00,30.89
2025-09-06T09:23:37.166649+00:00,29.38
2025-09-06T10:23:37.133563+00:00,31.11
2025-09-06T11:23:37.144628+00:00,36.82
2025-09-06T12:23:37.133974+00:00,33.95
2025-09-06T13:23:37.278651+00:00,36.82
2025-09-06T14:23:37.274328+00:00,36.82
2025-09-06T15:23:37.285115+00:00,34.17
2025-09-06T16:23:37.271586+00:00,34.17
2025-09-06T17:23:37.223746+00:00,34.17
2025-09-06T18:23:37.230139+00:00,37.04
2025-09-06T19:23:37.263826+00:00,37.26
2025-09-06T20:23:37.259158+00:00,37.04
2025-09-06T21:23:37.229571+00:00,37.04
2025-09-06T22:23:37.222281+00:00,37.26
2025-09-06T23:23:37.270077+00:00,37.04
2025-09-07T00:23:37.244686+00:00,37.26
2025-09-07T01:23:37.189831+00:00,36.37
2025-09-07T02:23:37.249504+00:00,36.15
2025-09-07T03:23:37.159877+00:00,36.15
2025-09-07T04:23:37.152273+00:00,36.37
2025-09-07T05:23:37.222406+00:00,36.15
2025-09-07T06:23:37.276364+00:00,37.04
2025-09-07T07:23:37.298114+00:00,53.83
2025-09-07T08:23:37.326862+00:00,31.11
2025-09-07T09:23:37.245931+00:00,30.89
2025-09-07T10:23:37.258721+00:00,31.11
2025-09-07T11:23:37.228824+00:00,32.42
2025-09-07T12:23:37.264928+00:00,33.73
2025-09-07T13:23:37.225917+00:00,36.6
2025-09-07T14:23:37.269496+00:00,33.73
2025-09-07T15:23:37.278158+00:00,30.24
2025-09-07T16:23:37.259783+00:00,34.17
2025-09-07T17:23:37.281287+00:00,31.33
2025-09-07T18:23:37.201777+00:00,33.29
2025-09-07T19:23:37.247315+00:00,30.68
2025-09-07T20:23:37.234669+00:00,29.6
2025-09-07T21:23:37.219260+00:00,29.6
2025-09-07T22:23:37.186770+00:00,30.46
2025-09-07T23:23:37.176329+00:00,32.42
2025-09-08T00:23:37.246364+00:00,32.42
2025-09-08T01:23:37.264891+00:00,32.42
2025-09-08T02:23:37.174791+00:00,32.63
2025-09-08T03:23:37.211789+00:00,32.42
2025-09-08T04:23:37.160924+00:00,32.42
2025-09-08T05:23:37.302451+00:00,32.42
2025-09-08T06:23:37.302564+00:00,32.2
2025-09-08T07:23:37.301216+00:00,32.2
2025-09-08T08:23:37.227345+00:00,27.24
2025-09-08T09:23:37.222838+00:00,25.75
2025-09-08T10:23:37.212226+00:00,27.45
2025-09-08T11:23:37.257983+00:00,28.95
2025-09-08T12:23:37.221414+00:00,28.95
2025-09-08T13:23:37.245959+00:00,28.95
2025-09-08T14:23:37.262077+00:00,28.95
2025-09-08T15:23:37.268116+00:00,29.17
2025-09-08T16:23:37.204767+00:00,29.17
2025-09-08T17:23:37.242915+00:00,29.38
2025-09-08T18:23:37.248864+00:00,29.38
2025-09-08T19:23:37.195061+00:00,29.6
2025-09-08T20:23:37.282855+00:00,29.6
2025-09-08T21:23:37.226438+00:00,29.6
2025-09-08T22:23:37.195837+00:00,29.6
2025-09-08T23:23:37.248177+00:00,29.6
2025-09-09T00:23:37.164601+00:00,32.2
2025-09-09T01:23:37.214482+00:00,32.2
2025-09-09T02:23:37.212165+00:00,32.42
2025-09-09T03:23:37.151565+00:00,31.54
2025-09-09T04:23:37.225511+00:00,33.07
2025-09-09T05:23:37.315457+00:00,33.29
2025-09-09T06:23:37.277994+00:00,31.98
2025-09-09T07:23:37.273504+00:00,28.95
2025-09-09T08:23:37.227631+00:00,29.6
2025-09-09T09:23:37.280679+00:00,27.24
2025-09-09T10:23:37.381485+00:00,27.67
2025-09-09T11:23:37.256360+00:00,27.88
2025-09-09T12:23:37.254335+00:00,27.88
2025-09-09T13:23:37.219658+00:00,30.68
2025-09-09T14:23:37.241310+00:00,30.68
2025-09-09T15:23:37.288095+00:00,30.89
2025-09-09T16:23:37.234828+00:00,29.17
2025-09-09T17:23:37.219852+00:00,32.63
2025-09-09T18:23:37.239058+00:00,34.39
2025-09-09T19:23:37.201905+00:00,30.89
2025-09-09T20:23:37.179774+00:00,30.89
2025-09-09T21:23:37.187471+00:00,30.68
2025-09-09T22:23:37.197796+00:00,30.68
2025-09-09T23:23:37.204532+00:00,30.68
2025-09-10T00:23:37.221351+00:00,29.81
2025-09-10T01:23:37.168753+00:00,28.74
2025-09-10T02:23:37.228030+00:00,28.74
2025-09-10T03:23:37.174848+00:00,31.33
2025-09-10T04:23:37.256615+00:00,30.46
2025-09-10T05:23:37.298482+00:00,31.33
2025-09-10T06:23:37.243687+00:00,36.15
2025-09-10T07:23:37.266550+00:00,38.16
2025-09-10T08:23:37.237854+00:00,28.74
2025-09-10T09:23:37.225126+00:00,28.31
2025-09-10T10:23:37.299866+00:00,29.17
2025-09-10T11:23:37.265252+00:00,29.38
2025-09-10T12:23:37.204896+00:00,29.38
2025-09-10T13:23:37.185377+00:00,29.38
2025-09-10T14:23:37.212927+00:00,34.17
2025-09-10T15:23:37.277510+00:00,28.74
2025-09-10T16:23:37.174756+00:00,28.74
2025-09-10T17:23:37.241454+00:00,36.37
2025-09-10T18:23:37.306723+00:00,38.38
2025-09-10T19:23:37.202004+00:00,38.38
2025-09-10T20:23:37.165037+00:00,38.38
2025-09-10T21:23:37.234855+00:00,37.49
2025-09-10T22:23:37.390590+00:00,37.49
2025-09-10T23:23:37.260242+00:00,36.37
2025-09-11T00:23:37.252380+00:00,36.37
2025-09-11T01:23:37.276848+00:00,36.15
2025-09-11T02:23:37.245660+00:00,36.15
2025-09-11T03:23:37.227386+00:00,35.05
2025-09-11T04:23:37.257375+00:00,35.05
2025-09-11T05:23:37.222011+00:00,34.83
2025-09-11T06:23:37.217362+00:00,34.83
2025-09-11T07:23:37.182456+00:00,35.49
2025-09-11T08:23:37.262421+00:00,31.11
2025-09-11T09:23:37.241671+00:00,31.11
2025-09-11T10:23:37.257164+00:00,32.42
2025-09-11T11:23:37.285962+00:00,31.98
2025-09-11T12:23:37.236419+00:00,37.04
2025-09-11T13:23:37.263629+00:00,35.71
2025-09-11T14:23:37.219987+00:00,37.71
2025-09-11T15:23:37.212844+00:00,37.71
2025-09-11T16:23:37.252347+00:00,37.71
2025-09-11T17:23:37.166048+00:00,36.6
2025-09-11T18:23:37.191518+00:00,37.71
2025-09-11T19:23:37.256742+00:00,37.49
2025-09-11T20:23:37.207632+00:00,38.38
2025-09-11T21:23:37.204265+00:00,41.3
2025-09-11T22:23:37.230605+00:00,41.3
2025-09-11T23:23:52.204311+00:00,41.3
2025-09-12T00:23:37.199322+00:00,41.98
2025-09-12T01:23:37.303198+00:00,41.98
2025-09-12T02:23:37.222222+00:00,41.98
2025-09-12T03:23:37.186167+00:00,41.08
2025-09-12T04:23:37.220054+00:00,40.85
2025-09-12T05:23:37.222799+00:00,40.85
2025-09-12T06:23:37.155482+00:00,40.63
2025-09-12T07:23:37.318063+00:00,39.5
2025-09-12T08:23:37.290182+00:00,33.95
2025-09-12T09:23:37.266344+00:00,32.85
2025-09-12T10:23:37.214642+00:00,34.83
2025-09-12T11:23:37.180623+00:00,35.49
2025-09-12T12:23:37.174669+00:00,36.15
2025-09-12T13:23:37.245604+00:00,36.6
2025-09-12T14:23:37.175584+00:00,42.21
2025-09-12T15:23:37.205198+00:00,42.44
2025-09-12T16:23:37.162535+00:00,42.44
2025-09-12T17:23:37.285087+00:00,42.21
2025-09-12T18:23:37.268811+00:00,42.21
2025-09-12T19:23:37.263376+00:00,42.21
2025-09-12T20:23:37.207985+00:00,42.21
2025-09-12T21:23:37.188566+00:00,42.89
2025-09-12T22:23:37.232574+00:00,42.89
2025-09-12T23:23:37.175120+00:00,42.89
2025-09-13T00:23:37.232517+00:00,42.66
2025-09-13T01:23:37.161733+00:00,43.58
2025-09-13T02:23:37.184434+00:00,43.58
2025-09-13T03:23:37.269313+00:00,42.66
2025-09-13T04:23:37.248013+00:00,42.44
2025-09-13T05:23:37.286684+00:00,42.44
2025-09-13T06:23:37.287072+00:00,42.44
2025-09-13T07:23:37.248356+00:00,42.21
2025-09-13T08:23:37.207904+00:00,37.93
2025-09-13T09:23:37.214783+00:00,37.04
2025-09-13T10:23:37.320608+00:00,37.04
2025-09-13T11:23:37.183372+00:00,36.6
2025-09-13T12:23:37.182925+00:00,37.71
2025-09-13T13:23:37.183740+00:00,37.71
2025-09-13T14:23:37.170294+00:00,37.71
2025-09-13T15:23:37.238882+00:00,37.71
2025-09-13T16:23:37.238427+00:00,38.6
2025-09-13T17:23:37.334571+00:00,38.83
2025-09-13T18:23:37.224060+00:00,38.83
2025-09-13T19:23:37.224869+00:00,38.6
2025-09-13T20:23:37.245132+00:00,38.6
2025-09-13T21:23:37.270785+00:00,38.6
2025-09-13T22:23:37.203056+00:00,38.38
2025-09-13T23:23:37.222671+00:00,37.71
2025-09-14T00:23:37.241234+00:00,43.12
2025-09-14T01:23:37.162437+00:00,44.72
2025-09-14T02:23:37.198711+00:00,44.95
2025-09-14T03:23:37.224406+00:00,44.72
2025-09-14T04:23:37.205891+00:00,45.64
2025-09-14T05:23:37.227377+00:00,45.64
2025-09-14T06:23:37.271573+00:00,44.72
2025-09-14T07:23:37.350010+00:00,45.41
2025-09-14T08:23:37.206170+00:00,38.16
2025-09-14T09:23:37.213142+00:00,36.82
2025-09-14T10:23:37.179096+00:00,37.49
2025-09-14T11:23:37.237667+00:00,39.95
2025-09-14T12:23:37.221197+00:00,38.83
2025-09-14T13:23:37.171770+00:00,39.95
2025-09-14T14:23:37.233302+00:00,39.95
2025-09-14T15:23:37.194441+00:00,39.95
2025-09-14T16:23:37.187436+00:00,39.95
2025-09-14T17:23:37.159230+00:00,40.85
2025-09-14T18:23:37.279535+00:00,41.08
2025-09-14T19:23:37.297179+00:00,44.72
2025-09-14T20:23:37.233994+00:00,44.72
2025-09-14T21:23:37.301723+00:00,44.49
2025-09-14T22:23:37.219440+00:00,44.49
2025-09-14T23:23:37.190985+00:00,44.26
2025-09-15T00:23:37.251960+00:00,44.72
2025-09-15T01:23:37.198620+00:00,44.72
2025-09-15T02:23:37.219640+00:00,48.42
2025-09-15T03:23:37.156750+00:00,57.66
2025-09-15T04:23:37.343207+00:00,58.38
2025-09-15T05:23:37.231322+00:00,59.1
2025-09-15T06:23:37.219699+00:00,59.1
2025-09-15T07:23:37.212794+00:00,53.83
2025-09-15T08:23:37.261609+00:00,56.69
2025-09-15T09:23:37.224036+00:00,55.49
2025-09-15T10:23:37.227583+00:00,55.49
2025-09-15T11:23:39.140785+00:00,57.17
2025-09-15T12:23:37.280881+00:00,57.17
2025-09-15T13:23:37.244794+00:00,57.17
2025-09-15T14:23:37.206116+00:00,56.93
2025-09-15T15:23:37.289354+00:00,55.97
2025-09-15T16:23:37.217309+00:00,55.97
2025-09-15T17:23:37.265089+00:00,55.02
2025-09-15T18:23:37.242852+00:00,55.02
2025-09-15T19:23:37.293410+00:00,55.02
2025-09-15T20:23:37.236553+00:00,55.97
2025-09-15T21:23:37.207749+00:00,61.54
2025-09-15T22:23:37.185735+00:00,61.29
2025-09-15T23:23:37.365987+00:00,61.29
2025-09-16T00:23:37.226598+00:00,61.29
2025-09-16T01:23:37.204471+00:00,60.08
2025-09-16T02:23:37.214333+00:00,60.08
2025-09-16T03:23:37.273317+00:00,61.05
2025-09-16T04:23:37.301439+00:00,75.56
2025-09-16T05:23:37.234708+00:00,73.52
2025-09-16T06:23:37.248106+00:00,73.26
2025-09-16T07:23:37.222748+00:00,59.59
2025-09-16T08:23:37.170948+00:00,59.59
2025-09-16T09:23:37.178867+00:00,58.86
2025-09-16T10:23:37.223966+00:00,59.1
2025-09-16T11:23:37.290953+00:00,59.83
2025-09-16T12:23:37.143881+00:00,59.83
2025-09-16T13:23:37.341890+00:00,61.05
2025-09-16T14:23:37.236980+00:00,60.56
2025-09-16T15:23:44.335175+00:00,60.08
2025-09-16T16:23:37.292038+00:00,62.76
2025-09-16T17:23:37.310385+00:00,63.25
2025-09-16T18:23:37.305774+00:00,65.72
2025-09-16T19:23:37.266899+00:00,65.72
2025-09-16T20:23:37.161568+00:00,64.73
2025-09-16T21:23:37.206542+00:00,65.97
2025-09-16T22:23:37.240101+00:00,65.72
2025-09-16T23:23:37.215144+00:00,65.72
2025-09-17T00:23:37.191317+00:00,65.72
2025-09-17T01:23:37.201556+00:00,65.72
2025-09-17T02:23:37.208417+00:00,65.72
2025-09-17T03:23:37.217767+00:00,65.72
2025-09-17T04:23:37.200666+00:00,65.72
2025-09-17T05:23:37.304975+00:00,65.72
2025-09-17T06:23:37.301445+00:00,65.48
2025-09-17T07:23:37.379961+00:00,64.24
2025-09-17T08:23:37.243785+00:00,63.01
2025-09-17T09:23:37.453893+00:00,63.01
2025-09-17T10:23:37.187735+00:00,58.14
2025-09-17T11:23:37.192887+00:00,63.25
2025-09-17T12:23:37.241746+00:00,62.52
2025-09-17T13:23:37.185283+00:00,62.52
2025-09-17T14:23:37.191723+00:00,62.52
2025-09-17T15:23:37.306091+00:00,62.76
2025-09-17T16:23:37.302711+00:00,63.75
2025-09-17T17:23:37.289314+00:00,63.75
2025-09-17T18:23:37.259740+00:00,63.75
2025-09-17T19:23:37.254345+00:00,63.5
2025-09-17T20:23:37.246090+00:00,63.5
2025-09-17T21:23:37.265107+00:00,63.5
2025-09-17T22:23:37.245232+00:00,63.5
2025-09-17T23:23:37.188367+00:00,63.75
2025-09-18T00:23:37.155086+00:00,63.75
2025-09-18T01:23:37.141038+00:00,62.76
2025-09-18T02:23:37.394152+00:00,62.76
2025-09-18T03:23:37.266583+00:00,62.76
2025-09-18T04:23:37.249550+00:00,62.76
2025-09-18T05:23:37.220897+00:00,62.76
2025-09-18T06:23:37.188071+00:00,62.52
2025-09-18T07:23:37.181930+00:00,63.5
2025-09-18T08:23:55.361173+00:00,57.17
2025-09-18T09:23:37.244093+00:00,56.69
2025-09-18T10:23:37.188452+00:00,57.9
2025-09-18T11:23:37.149054+00:00,62.76
2025-09-18T12:23:37.212864+00:00,62.76
2025-09-18T13:23:37.180754+00:00,63.01
2025-09-18T14:23:37.280123+00:00,63.01
2025-09-18T15:23:37.290571+00:00,63.01
2025-09-18T16:23:37.294557+00:00,63.01
2025-09-18T17:23:37.291835+00:00,62.03
2025-09-18T18:23:37.234023+00:00,61.78
2025-09-18T19:23:37.206530+00:00,62.03
2025-09-18T20:23:37.199815+00:00,61.78
2025-09-18T21:23:37.206847+00:00,61.78
2025-09-18T22:23:37.209825+00:00,61.78
2025-09-18T23:23:37.187259+00:00,61.54
2025-09-19T00:23:37.221622+00:00,62.76
2025-09-19T01:23:37.167392+00:00,62.52
2025-09-19T02:23:37.220707+00:00,62.52
2025-09-19T03:23:37.168922+00:00,62.52
2025-09-19T04:23:37.166740+00:00,63.5
2025-09-19T05:23:37.160955+00:00,63.25
2025-09-19T06:23:37.254974+00:00,63.25
2025-09-19T07:23:37.271277+00:00,62.03
2025-09-19T08:23:37.257355+00:00,60.56
2025-09-19T09:23:37.283590+00:00,54.3
2025-09-19T10:23:37.285100+00:00,55.73
2025-09-19T11:23:37.223091+00:00,61.29
2025-09-19T12:23:37.273114+00:00,61.54
2025-09-19T13:23:37.267906+00:00,60.56
2025-09-19T14:23:37.238632+00:00,60.56
2025-09-19T15:23:37.199725+00:00,60.32
2025-09-19T16:23:37.199677+00:00,60.56
2025-09-19T17:23:37.250931+00:00,60.32
2025-09-19T18:23:37.235141+00:00,61.54
2025-09-19T19:23:37.265414+00:00,60.08
2025-09-19T20:23:37.282784+00:00,107.4
2025-09-19T21:23:37.215270+00:00,107.68
2025-09-19T22:23:37.236885+00:00,63.25
2025-09-19T23:23:37.231434+00:00,60.81
2025-09-20T00:23:37.241978+00:00,63.01
2025-09-20T01:23:37.236376+00:00,74.28
2025-09-20T02:23:37.180661+00:00,70.98
2025-09-20T03:23:37.254283+00:00,62.76
2025-09-20T04:23:37.260647+00:00,60.81
2025-09-20T05:23:37.213711+00:00,59.59
2025-09-20T06:23:37.257228+00:00,59.35
2025-09-20T07:23:37.243544+00:00,59.1
2025-09-20T08:23:37.236447+00:00,56.21
2025-09-20T09:23:37.174604+00:00,55.73
2025-09-20T10:23:37.203470+00:00,58.14
2025-09-20T11:23:37.215675+00:00,58.62
2025-09-20T12:23:37.298723+00:00,58.38
2025-09-20T13:23:37.253474+00:00,59.35
2025-09-20T14:23:37.245225+00:00,60.56
2025-09-20T15:23:37.177198+00:00,59.59
2025-09-20T16:23:37.233167+00:00,59.59
2025-09-20T17:23:37.268899+00:00,58.38
2025-09-20T18:23:37.215095+00:00,58.38
2025-09-20T19:23:37.256309+00:00,58.38
2025-09-20T20:23:37.199583+00:00,58.38
2025-09-20T21:23:37.211819+00:00,58.38
2025-09-20T22:23:37.194937+00:00,59.1
2025-09-20T23:23:37.216454+00:00,59.1
2025-09-21T00:23:37.189614+00:00,60.08
2025-09-21T01:23:37.219855+00:00,60.08
2025-09-21T02:23:37.250156+00:00,58.86
2025-09-21T03:23:37.240849+00:00,57.9
2025-09-21T04:23:37.218432+00:00,57.9
2025-09-21T05:23:37.220791+00:00,57.9
2025-09-21T06:23:37.202837+00:00,57.9
2025-09-21T07:23:37.242750+00:00,57.41
2025-09-21T08:23:37.250090+00:00,61.05
2025-09-21T09:23:37.178342+00:00,66.22
2025-09-21T10:23:37.182853+00:00,74.03
2025-09-21T11:23:37.221706+00:00,77.11
2025-09-21T12:23:37.213079+00:00,77.11
2025-09-21T13:23:37.139633+00:00,76.85
2025-09-21T14:23:37.172377+00:00,76.85
2025-09-21T15:23:37.308695+00:00,77.11
2025-09-21T16:23:37.233921+00:00,75.82
2025-09-21T17:23:37.250670+00:00,76.85
2025-09-21T18:23:37.297359+00:00,75.82
2025-09-21T19:23:37.201088+00:00,75.82
2025-09-21T20:23:37.259101+00:00,74.54
2025-09-21T21:23:37.213705+00:00,75.56
2025-09-21T22:23:37.183710+00:00,76.59
2025-09-21T23:23:37.178687+00:00,76.59
2025-09-22T00:23:37.233740+00:00,76.59
2025-09-22T01:23:37.240407+00:00,77.37
2025-09-22T02:23:37.284409+00:00,77.62
2025-09-22T03:23:37.252829+00:00,77.37
2025-09-22T04:23:37.291471+00:00,77.62
2025-09-22T05:23:37.221772+00:00,76.33
2025-09-22T06:23:37.314423+00:00,76.33
2025-09-22T07:23:37.234176+00:00,74.8
2025-09-22T08:23:37.241815+00:00,74.54
2025-09-22T09:23:37.245947+00:00,73.77
2025-09-22T10:23:37.234165+00:00,74.03
2025-09-22T11:23:37.166062+00:00,74.03
2025-09-22T12:23:37.324029+00:00,73.26
2025-09-22T13:23:37.242799+00:00,75.05
2025-09-22T14:23:37.224281+00:00,75.05
2025-09-22T15:23:37.291563+00:00,75.05
2025-09-22T16:23:37.216099+00:00,76.08
2025-09-22T17:23:37.377740+00:00,76.33
2025-09-22T18:23:37.173910+00:00,76.33
2025-09-22T19:23:37.203835+00:00,76.33
2025-09-22T20:23:37.248072+00:00,75.31
2025-09-22T21:23:37.302732+00:00,75.31
2025-09-22T22:23:37.176324+00:00,75.31
2025-09-22T23:23:37.256457+00:00,74.03
2025-09-23T00:23:37.233876+00:00,74.03
2025-09-23T01:23:37.289355+00:00,74.03
2025-09-23T02:23:37.233424+00:00,73.77
2025-09-23T03:23:37.243694+00:00,75.05
2025-09-23T09:23:37.254624+00:00,70.22
2025-09-23T10:23:37.210340+00:00,74.28
2025-09-23T11:23:37.213661+00:00,74.8
2025-09-23T12:23:55.326565+00:00,74.54
2025-09-23T13:23:37.231044+00:00,73.52
2025-09-23T14:23:37.294188+00:00,73.77
2025-09-23T15:23:37.163106+00:00,73.52
2025-09-23T16:23:37.255479+00:00,73.52
2025-09-23T17:23:37.279304+00:00,72.5
2025-09-23T18:23:37.240593+00:00,72.5
2025-09-23T19:23:37.290366+00:00,72.76
2025-09-23T20:23:37.206033+00:00,72.5
2025-09-23T21:23:37.235369+00:00,72.76
2025-09-23T22:23:37.237526+00:00,73.52
2025-09-23T23:23:37.182944+00:00,74.54
2025-09-24T00:23:37.196101+00:00,74.54
2025-09-24T01:23:37.204234+00:00,74.8
2025-09-24T02:23:37.313414+00:00,74.54
2025-09-24T03:23:37.287215+00:00,74.54
2025-09-24T04:23:37.338755+00:00,74.54
2025-09-24T08:23:37.250726+00:00,71.74
2025-09-24T09:23:37.459422+00:00,70.48
2025-09-24T10:23:37.262874+00:00,70.73
2025-09-24T11:23:37.271231+00:00,71.23
2025-09-24T12:23:37.214307+00:00,71.49
2025-09-24T13:23:37.261016+00:00,71.23
2025-09-24T14:23:37.299504+00:00,71.23
2025-09-24T15:23:37.195136+00:00,71.23
2025-09-24T16:23:37.198532+00:00,72.25
2025-09-24T17:23:37.184874+00:00,72.25
2025-09-24T18:23:37.308201+00:00,73.52
2025-09-24T19:23:37.293068+00:00,73.52
2025-09-24T20:23:37.327662+00:00,73.26
2025-09-24T21:23:37.237062+00:00,73.26
2025-09-24T22:23:37.225924+00:00,73.26
2025-09-24T23:23:37.201721+00:00,73.26
2025-09-25T00:23:37.222413+00:00,73.26
2025-09-25T01:23:37.157727+00:00,73.26
2025-09-25T02:23:37.263305+00:00,72.25
2025-09-25T09:23:37.356687+00:00,70.48
2025-09-25T10:23:37.208244+00:00,70.48
2025-09-25T11:23:37.208792+00:00,70.48
2025-09-25T13:23:37.170493+00:00,71.49
2025-09-26T09:23:37.197221+00:00,71.74
2025-09-26T10:23:37.201016+00:00,71.49
2025-09-26T11:23:37.234701+00:00,71.49
2025-09-26T12:23:37.157421+00:00,71.49
2025-09-26T13:23:37.218629+00:00,70.48
2025-09-26T14:23:37.228867+00:00,70.48
2025-09-26T15:23:37.284192+00:00,70.73
2025-09-26T16:23:37.218219+00:00,69.72
2025-09-26T17:23:37.260285+00:00,71.49
2025-09-27T09:23:37.180823+00:00,72.5
2025-09-27T10:23:37.182741+00:00,72.25
2025-09-27T11:23:57.383510+00:00,73.26
2025-09-27T12:23:37.197513+00:00,71.99
2025-09-28T09:23:37.126862+00:00,74.03
2025-09-28T10:23:37.237504+00:00,73.77
2025-09-28T11:23:44.362754+00:00,73.52
2025-09-28T12:23:37.211458+00:00,73.52
2025-09-28T13:23:37.200247+00:00,73.77
2025-09-28T14:23:37.231574+00:00,73.77
2025-09-28T15:23:37.257465+00:00,73.77
2025-09-28T16:23:37.263246+00:00,74.03
2025-09-29T07:23:37.257328+00:00,71.49
2025-09-29T08:23:37.220248+00:00,70.73
2025-09-29T09:23:37.249293+00:00,70.22
2025-09-29T10:23:37.266915+00:00,70.48
2025-09-29T11:23:37.198441+00:00,70.98
2025-09-29T12:23:37.200147+00:00,71.99
2025-09-29T13:23:37.263717+00:00,71.99
2025-09-29T14:23:37.202270+00:00,71.99
2025-09-29T15:23:37.206190+00:00,71.99
2025-09-29T16:23:37.174383+00:00,73.77
2025-09-29T17:23:37.220117+00:00,74.03
2025-09-29T18:23:37.183306+00:00,69.97
2025-09-29T19:23:37.323204+00:00,74.03
2025-09-29T20:23:37.291281+00:00,74.03
2025-09-29T21:23:37.286654+00:00,74.03
2025-09-29T22:23:37.257183+00:00,74.03
2025-09-29T23:23:37.230637+00:00,74.03
2025-09-30T00:23:37.177179+00:00,74.03
2025-09-30T01:23:37.225859+00:00,74.03
2025-09-30T07:23:37.256059+00:00,71.74
2025-09-30T08:23:37.244763+00:00,73.01
2025-09-30T09:23:37.211005+00:00,73.01
2025-09-30T10:23:37.243913+00:00,72.76
2025-09-30T11:23:37.184279+00:00,73.52
2025-09-30T12:23:37.195636+00:00,73.52
2025-09-30T13:23:37.160546+00:00,73.52
2025-09-30T14:23:37.310189+00:00,73.52
2025-09-30T15:23:37.220196+00:00,73.52
2025-09-30T16:23:37.378224+00:00,73.52
2025-09-30T17:23:37.248689+00:00,73.77
2025-09-30T18:23:37.221098+00:00,73.77
2025-09-30T19:23:37.174596+00:00,73.77
2025-09-30T20:23:37.322076+00:00,73.77
2025-09-30T21:23:37.192806+00:00,73.77
2025-09-30T22:23:37.183827+00:00,73.77
2025-09-30T23:23:37.256687+00:00,73.77
2025-10-01T00:23:37.323381+00:00,73.77
2025-10-01T07:23:37.236738+00:00,82.05
2025-10-01T08:23:37.311421+00:00,71.49
2025-10-01T09:23:37.181317+00:00,72.76
2025-10-01T10:23:37.184838+00:00,68.47
2025-10-01T11:23:37.211475+00:00,68.47
2025-10-01T12:23:37.271796+00:00,68.72
2025-10-01T13:23:37.289671+00:00,68.72
2025-10-01T14:23:37.268982+00:00,68.72
2025-10-01T15:23:37.257667+00:00,67.97
2025-10-01T16:23:37.193310+00:00,67.72
2025-10-01T17:23:37.209970+00:00,71.99
2025-10-01T18:23:37.205699+00:00,71.99
2025-10-01T19:23:37.214277+00:00,71.99
2025-10-01T20:23:37.253405+00:00,71.99
2025-10-01T21:23:37.294836+00:00,71.99
2025-10-02T07:23:37.168225+00:00,69.72
2025-10-02T08:23:37.175624+00:00,68.47
2025-10-02T09:23:37.270321+00:00,67.47
2025-10-02T10:23:37.256740+00:00,69.72
2025-10-02T11:23:37.287285+00:00,66.22
2025-10-02T12:23:37.286102+00:00,67.47
2025-10-02T13:23:37.187661+00:00,67.72
2025-10-02T14:23:37.265670+00:00,67.72
2025-10-02T15:23:37.185812+00:00,71.99
2025-10-02T16:23:37.243172+00:00,66.72
2025-10-02T17:23:37.181844+00:00,67.72
2025-10-02T18:23:37.175392+00:00,66.97
2025-10-02T19:23:37.264697+00:00,71.99
2025-10-02T20:23:37.284817+00:00,71.99
2025-10-02T21:23:37.209398+00:00,71.99
2025-10-02T22:23:37.232675+00:00,70.98
2025-10-02T23:23:37.241591+00:00,71.99
2025-10-03T00:23:37.204430+00:00,71.74
2025-10-03T01:23:37.152440+00:00,71.99
2025-10-03T02:23:37.310910+00:00,71.74
2025-10-03T03:23:37.257155+00:00,71.74
2025-10-03T04:23:37.286921+00:00,71.74
2025-10-03T05:23:37.242509+00:00,71.74
2025-10-03T06:23:37.226270+00:00,71.74
2025-10-03T07:23:37.155294+00:00,65.48
2025-10-03T08:23:37.293173+00:00,70.48
2025-10-03T09:23:37.244112+00:00,64.98
2025-10-03T10:23:37.258957+00:00,65.48
2025-10-03T11:23:37.282497+00:00,66.72
2025-10-03T12:23:37.256487+00:00,66.97
2025-10-03T13:23:37.267967+00:00,66.97
2025-10-03T14:23:37.234682+00:00,66.97
2025-10-03T15:23:37.251219+00:00,66.97
2025-10-03T16:23:37.180369+00:00,66.97
2025-10-03T17:23:37.209253+00:00,67.22
2025-10-03T18:23:37.216674+00:00,67.22
2025-10-03T19:23:37.260763+00:00,67.22
2025-10-03T20:23:37.260526+00:00,66.97
2025-10-03T21:23:37.293517+00:00,66.97
2025-10-03T22:23:37.233682+00:00,70.98
2025-10-03T23:23:37.300547+00:00,69.72
2025-10-04T00:23:37.148695+00:00,70.98
2025-10-04T01:23:37.228390+00:00,66.97
2025-10-04T02:23:37.137305+00:00,66.22
2025-10-04T03:23:37.242395+00:00,66.72
2025-10-04T04:23:37.264960+00:00,66.72
2025-10-04T05:23:37.230178+00:00,66.72
2025-10-04T06:23:37.207157+00:00,66.72
2025-10-04T07:23:37.286016+00:00,66.72
2025-10-04T08:23:37.276639+00:00,67.22
2025-10-04T09:23:37.236911+00:00,67.97
2025-10-04T10:23:37.247049+00:00,70.98
2025-10-04T11:23:37.255541+00:00,73.77
2025-10-04T12:23:37.331639+00:00,75.82
2025-10-04T13:23:37.149111+00:00,77.88
2025-10-04T14:23:37.236329+00:00,77.88
2025-10-04T15:23:37.212471+00:00,83.62
2025-10-05T10:23:37.211255+00:00,88.13
2025-10-05T11:23:37.392782+00:00,88.94
2025-10-05T12:23:37.244959+00:00,89.21
2025-10-05T13:23:37.220033+00:00,89.21
2025-10-05T14:23:37.122689+00:00,89.21
2025-10-05T15:23:37.304022+00:00,88.67
2025-10-06T09:23:37.326215+00:00,91.36
2025-10-06T10:23:37.314168+00:00,91.63
2025-10-06T11:23:37.221706+00:00,91.36
2025-10-06T12:23:37.302491+00:00,91.36
2025-10-07T09:23:37.233173+00:00,95.16
2025-10-07T10:23:37.309689+00:00,90.82
2025-10-07T11:23:37.296055+00:00,92.44
2025-10-07T12:23:37.242853+00:00,92.44
2025-10-07T13:23:37.241688+00:00,91.63
2025-10-07T14:23:37.234940+00:00,92.44
2025-10-07T15:23:37.181985+00:00,91.36
2025-10-07T16:23:37.307449+00:00,91.63
2025-10-08T12:23:37.248598+00:00,94.07
2025-10-08T13:23:37.243791+00:00,94.07
2025-10-09T08:23:37.199729+00:00,99.56
2025-10-09T09:23:37.155033+00:00,97.63
2025-10-09T10:23:37.204085+00:00,99.56
2025-10-09T11:23:37.302226+00:00,99.83
2025-10-09T12:23:37.272203+00:00,99.83
2025-10-09T13:23:37.243161+00:00,99.83
2025-10-09T14:23:37.285947+00:00,99.83
2025-10-10T10:23:37.175368+00:00,98.18
2025-10-10T11:23:37.202517+00:00,98.18
2025-10-10T12:23:37.150797+00:00,97.9
2025-10-10T13:23:37.250057+00:00,97.9
2025-10-11T11:23:37.351099+00:00,99.28
2025-10-11T12:23:37.193873+00:00,99.28
2025-10-12T09:23:37.165989+00:00,97.9
2025-10-12T10:23:37.141004+00:00,97.63
2025-10-12T12:23:37.262629+00:00,97.63
2025-10-13T10:23:37.197680+00:00,100.39
2025-10-13T11:23:37.196861+00:00,101.78
2025-10-13T12:23:37.213916+00:00,100.39
2025-10-14T09:23:37.179219+00:00,100.11
2025-10-14T10:23:37.313192+00:00,100.11
2025-10-14T12:23:37.276521+00:00,99.83
2025-10-14T14:23:37.255684+00:00,100.94
2025-10-15T09:23:37.186870+00:00,107.68
2025-10-16T11:23:37.256551+00:00,105.14
2025-10-17T09:23:37.256410+00:00,210.0
2025-10-17T10:23:37.258609+00:00,210.0
2025-10-17T11:23:37.282672+00:00,210.0
2025-10-17T12:23:37.172773+00:00,210.0
2025-10-18T07:23:37.202382+00:00,210.0
2025-10-18T08:23:37.199116+00:00,210.0
2025-10-18T09:23:37.165162+00:00,210.0
2025-10-18T10:23:37.276303+00:00,210.0
2025-10-18T11:23:37.232987+00:00,82.57
2025-10-18T12:23:37.320031+00:00,84.15
2025-10-18T13:23:37.265542+00:00,86.54
2025-10-18T14:23:37.237315+00:00,86.54
2025-10-18T15:23:37.275276+00:00,86.54
2025-10-18T16:23:37.242033+00:00,86.8
2025-10-18T17:23:37.248948+00:00,86.8
2025-10-18T18:23:37.226982+00:00,86.8
2025-10-18T19:23:37.230494+00:00,87.07
2025-10-18T20:23:37.295189+00:00,87.07
2025-10-18T21:23:37.213544+00:00,87.07
2025-10-19T08:23:37.335999+00:00,0.0
2025-10-19T09:23:37.250026+00:00,0.0
2025-10-19T10:23:37.267245+00:00,0.0
2025-10-19T11:23:37.166082+00:00,83.1
2025-10-19T12:23:37.238409+00:00,83.62
2025-10-19T13:23:37.163876+00:00,83.62
2025-10-19T14:23:37.370046+00:00,86.27
2025-10-19T15:23:37.291064+00:00,111.38
2025-10-19T16:23:37.209753+00:00,111.67
2025-10-19T17:23:37.208763+00:00,111.67
2025-10-19T18:23:37.184358+00:00,111.67
2025-10-19T19:23:37.235097+00:00,111.67
2025-10-19T20:23:37.222665+00:00,111.38
2025-10-20T09:23:37.174376+00:00,116.58
2025-10-20T11:23:37.246866+00:00,117.74
2025-10-21T09:23:37.284847+00:00,120.67
2025-10-21T10:23:37.226506+00:00,120.67
2025-10-21T11:23:37.226059+00:00,120.67
2025-10-21T12:23:37.233196+00:00,120.96
2025-10-21T13:23:37.231204+00:00,120.96
2025-10-22T09:23:37.313351+00:00,119.79
2025-10-22T10:23:37.277920+00:00,120.08
2025-10-22T11:23:37.290488+00:00,121.55
2025-10-22T12:23:37.240273+00:00,121.55
2025-10-22T13:23:37.230602+00:00,120.38
2025-10-22T14:23:37.230372+00:00,120.38
2025-10-23T10:23:37.208491+00:00,123.03
2025-10-23T11:23:37.208523+00:00,121.85
2025-10-23T12:23:37.374193+00:00,121.85
2025-10-23T13:23:37.249472+00:00,121.85
2025-10-24T09:23:37.153416+00:00,123.62
2025-10-24T10:23:37.241483+00:00,123.62
2025-10-24T11:23:37.298013+00:00,123.92
2025-10-24T13:23:37.251855+00:00,124.51
2025-10-25T09:23:37.364407+00:00,123.32
2025-10-25T10:23:37.302965+00:00,123.62
2025-10-25T11:23:37.217819+00:00,123.32
2025-10-25T12:23:37.235659+00:00,123.32
2025-10-27T08:23:37.285917+00:00,133.83
2025-10-27T09:23:37.397147+00:00,133.83
2025-10-27T10:23:37.236273+00:00,132.61
2025-10-27T11:23:37.212729+00:00,132.61
2025-10-27T12:23:37.188205+00:00,132.61
2025-10-29T09:23:37.280576+00:00,134.44
2025-10-29T10:23:37.264722+00:00,134.44
2025-10-29T11:23:37.185846+00:00,133.22
2025-10-29T12:23:37.250916+00:00,133.53
2025-10-29T13:23:37.308533+00:00,133.53
2025-10-29T14:23:37.259952+00:00,133.53
2025-10-30T11:23:37.273159+00:00,139.66
2025-10-31T09:23:37.259713+00:00,139.04
2025-10-31T12:23:37.294257+00:00,139.04
2025-10-31T13:23:37.256816+00:00,139.04
2025-11-01T09:23:37.141658+00:00,136.58
2025-11-01T10:23:37.326767+00:00,136.58
2025-11-01T11:23:37.231335+00:00,137.81
2025-11-01T12:23:37.225729+00:00,138.12
2025-11-02T10:23:37.306791+00:00,139.35
2025-11-02T11:23:37.234965+00:00,139.04
2025-11-02T12:23:37.400576+00:00,139.04
2025-11-03T09:23:37.217988+00:00,141.51
2025-11-03T10:23:37.236658+00:00,138.73
2025-11-03T11:23:37.268988+00:00,141.2
2025-11-03T12:23:37.219313+00:00,139.97
2025-11-03T13:23:37.166290+00:00,140.28
2025-11-04T11:23:37.255383+00:00,139.04
2025-11-04T12:23:37.520288+00:00,139.04
2025-11-04T13:23:37.245428+00:00,140.28
2025-11-05T10:23:37.228675+00:00,137.5
2025-11-05T11:23:37.255976+00:00,137.5
2025-11-05T12:23:37.322207+00:00,138.12
2025-11-05T13:23:37.253533+00:00,139.35
2025-11-05T14:23:37.430762+00:00,138.12
2025-11-06T10:23:37.210523+00:00,136.27
2025-11-06T11:23:37.170742+00:00,136.89
2025-11-06T12:23:37.243674+00:00,137.5
2025-11-06T13:23:37.204550+00:00,139.04
2025-11-06T14:23:37.205070+00:00,139.04
2025-11-07T10:23:37.175930+00:00,133.22
2025-11-07T11:23:37.545382+00:00,92.17
2025-11-07T12:23:37.206414+00:00,131.1
2025-11-07T13:23:37.258764+00:00,132.92
2025-11-07T14:23:37.191840+00:00,134.13
